Attr,Age,Dist,EmpNo,Gen,JobSat,Marital,M_Income,OT,PctSalHike,TotWY,JobSat2,Income_LY,Diff_Income
0,33,7,817,Male,3,Married,11691,No,11,14,sat,10532.0,1159.0
0,35,18,1412,Male,4,Single,9362,No,11,10,sat,8434.0,928.0
0,42,6,1911,Male,1,Married,13348,No,13,18,unsat,11812.0,1536.0
0,46,2,1204,Female,1,Married,17048,No,23,28,unsat,13860.0,3188.0
1,22,4,593,Male,3,Single,3894,No,16,4,sat,3357.0,537.0
0,24,21,1551,Male,1,Divorced,2296,No,14,2,unsat,2014.0,282.0
0,34,8,2068,Male,3,Married,4404,No,12,6,sat,3932.0,472.0
0,30,20,1084,Male,1,Married,9957,No,15,7,unsat,8658.0,1299.0
0,26,6,686,Female,4,Married,2659,Yes,13,3,sat,2353.0,306.0
1,24,3,720,Female,3,Single,4577,No,14,4,sat,4015.0,562.0
0,36,5,304,Male,2,Single,5914,No,16,16,unsat,5098.0,816.0
1,33,15,582,Male,3,Married,13610,Yes,12,15,sat,12152.0,1458.0
0,42,1,387,Male,3,Married,4907,No,25,20,sat,3926.0,981.0
0,39,9,2022,Male,4,Single,19431,No,13,21,sat,17196.0,2235.0
0,44,1,1683,Female,4,Divorced,3195,Yes,18,8,sat,2708.0,487.0
0,34,23,60,Male,3,Single,4568,No,20,10,sat,3807.0,761.0
0,30,5,197,Female,1,Divorced,3204,No,14,8,unsat,2811.0,393.0
1,58,2,918,Male,4,Divorced,2380,Yes,14,3,sat,2088.0,292.0
0,46,3,1863,Female,1,Divorced,13225,No,12,25,unsat,11808.0,1417.0
0,33,28,1549,Male,3,Married,5207,Yes,12,15,sat,4649.0,558.0
0,46,1,1069,Male,4,Divorced,19627,No,17,23,sat,16775.0,2852.0
1,32,7,1309,Male,3,Married,4883,No,18,10,sat,4138.0,745.0
0,40,8,1724,Female,1,Married,6516,Yes,16,18,unsat,5617.0,899.0
0,42,26,1242,Female,1,Married,13191,Yes,17,20,unsat,11274.0,1917.0
1,32,16,33,Female,1,Single,3919,Yes,22,10,unsat,3212.0,707.0
0,49,8,944,Female,2,Married,7403,No,11,29,unsat,6669.0,734.0
1,32,2,1692,Male,2,Single,1393,No,12,1,unsat,1244.0,149.0
0,52,3,776,Male,1,Married,16856,No,11,34,unsat,15186.0,1670.0
0,26,1,1893,Female,3,Married,2933,Yes,13,1,sat,2596.0,337.0
1,37,1,970,Male,3,Married,10609,No,11,17,sat,9558.0,1051.0
0,35,1,204,Male,2,Married,7295,No,13,10,unsat,6456.0,839.0
0,50,2,815,Male,3,Married,17639,No,16,30,sat,15206.0,2433.0
0,30,7,1224,Male,3,Divorced,3491,No,13,10,sat,3089.0,402.0
0,28,1,1834,Female,1,Married,3591,No,25,3,unsat,2873.0,718.0
0,27,3,714,Female,4,Divorced,4647,Yes,20,6,sat,3872.0,775.0
0,34,6,151,Female,2,Divorced,4505,No,15,12,unsat,3917.0,588.0
0,42,10,1408,Female,1,Married,16799,No,14,21,unsat,14736.0,2063.0
0,34,2,579,Male,3,Divorced,2768,No,12,14,sat,2471.0,297.0
1,28,1,1486,Male,3,Married,2909,No,15,5,sat,2530.0,379.0
0,38,14,1582,Male,2,Married,9924,No,11,10,unsat,8941.0,983.0
0,37,3,152,Male,4,Single,7428,No,12,12,sat,6632.0,796.0
0,45,1,336,Male,4,Married,19202,No,11,25,sat,17299.0,1903.0
0,35,25,1014,Female,3,Divorced,10388,Yes,11,16,sat,9359.0,1029.0
0,40,26,1066,Male,1,Married,8396,No,14,8,unsat,7365.0,1031.0
0,42,8,1860,Male,3,Single,3968,No,13,8,sat,3512.0,456.0
0,30,1,1989,Male,2,Married,3748,No,13,12,unsat,3317.0,431.0
0,36,3,238,Male,2,Single,2088,No,12,13,unsat,1864.0,224.0
1,26,5,848,Female,3,Married,2366,Yes,14,8,sat,2075.0,291.0
0,50,1,249,Male,3,Married,3690,No,15,5,sat,3209.0,481.0
0,30,2,198,Male,4,Single,2720,No,13,6,sat,2407.0,313.0
0,29,15,346,Male,4,Single,2340,No,19,6,sat,1966.0,374.0
0,45,28,1546,Male,4,Married,2132,No,20,8,sat,1777.0,355.0
1,31,1,1331,Female,2,Single,2302,Yes,11,3,unsat,2074.0,228.0
0,38,1,1995,Male,2,Married,4440,No,15,16,unsat,3861.0,579.0
0,50,2,905,Male,1,Divorced,17924,No,11,31,unsat,16148.0,1776.0
0,32,2,471,Female,2,Married,2370,No,13,8,unsat,2097.0,273.0
0,33,1,73,Female,4,Single,13458,Yes,12,15,sat,12016.0,1442.0
0,46,7,487,Female,3,Married,5258,No,14,7,sat,4612.0,646.0
0,45,10,544,Male,4,Married,2654,No,21,8,sat,2193.0,461.0
0,52,2,316,Female,4,Single,3212,No,15,6,sat,2793.0,419.0
0,47,16,987,Male,3,Divorced,5067,Yes,19,20,sat,4258.0,809.0
0,31,2,1721,Male,3,Married,3477,No,14,6,sat,3050.0,427.0
0,49,8,1138,Male,2,Married,13120,No,17,22,unsat,11214.0,1906.0
0,24,11,26,Female,3,Divorced,4011,No,18,5,sat,3399.0,612.0
0,32,15,1955,Female,4,Divorced,6667,No,18,9,sat,5650.0,1017.0
0,50,3,644,Male,2,Married,18200,No,11,32,unsat,16396.0,1804.0
0,34,7,28,Female,2,Single,11994,No,11,13,unsat,10805.0,1189.0
0,37,5,1440,Male,3,Single,3500,No,14,7,sat,3070.0,430.0
0,52,28,1401,Female,3,Married,13247,Yes,11,24,sat,11934.0,1313.0
0,46,18,624,Female,3,Married,10527,No,11,28,sat,9484.0,1043.0
1,32,2,1862,Male,2,Single,9907,Yes,12,7,unsat,8846.0,1061.0
0,38,2,24,Male,4,Single,3944,Yes,11,6,sat,3553.0,391.0
0,28,16,1947,Male,3,Single,2144,No,14,5,sat,1881.0,263.0
0,21,1,1131,Female,2,Single,2070,Yes,11,2,unsat,1865.0,205.0
0,26,5,2060,Female,3,Single,2966,No,18,5,sat,2514.0,452.0
0,53,1,682,Female,1,Single,8381,No,20,18,unsat,6984.0,1397.0
1,41,1,1,Female,4,Single,5993,Yes,11,8,sat,5399.0,594.0
1,36,16,1042,Female,1,Single,2743,No,16,18,unsat,2365.0,378.0
0,40,2,2048,Male,3,Single,2809,No,14,8,sat,2464.0,345.0
0,39,1,1737,Male,4,Married,6472,Yes,15,9,sat,5628.0,844.0
0,35,16,1529,Female,2,Single,8606,No,19,11,unsat,7232.0,1374.0
0,34,15,1485,Male,1,Divorced,17007,No,14,16,unsat,14918.0,2089.0
1,35,12,1667,Male,4,Single,4581,Yes,24,13,sat,3694.0,887.0
1,29,27,283,Female,4,Married,7639,No,22,10,sat,6261.0,1378.0
0,44,8,874,Male,4,Married,2818,Yes,24,10,sat,2273.0,545.0
0,38,10,1006,Male,3,Married,2684,No,17,3,sat,2294.0,390.0
0,43,27,1599,Male,2,Divorced,4876,No,12,8,unsat,4354.0,522.0
0,49,6,1661,Female,3,Married,13966,Yes,19,30,sat,11736.0,2230.0
1,28,24,19,Male,3,Single,2028,Yes,14,6,sat,1779.0,249.0
1,18,3,1624,Female,4,Single,1569,Yes,12,0,sat,1401.0,168.0
0,40,26,202,Female,2,Divorced,5605,No,11,20,unsat,5050.0,555.0
1,20,10,701,Male,3,Single,1009,Yes,11,1,sat,909.0,100.0
0,43,7,262,Male,4,Divorced,2089,No,14,7,sat,1832.0,257.0
0,36,2,1710,Female,4,Single,4502,No,15,17,sat,3915.0,587.0
0,20,3,1198,Male,3,Single,3033,No,12,2,sat,2708.0,325.0
0,43,9,663,Male,3,Divorced,5679,Yes,13,10,sat,5026.0,653.0
1,28,12,1175,Female,4,Married,2515,Yes,11,1,sat,2266.0,249.0
0,30,1,104,Male,4,Married,5126,Yes,12,10,sat,4577.0,549.0
0,49,2,2065,Male,2,Married,5390,No,14,17,unsat,4728.0,662.0
1,28,5,65,Male,3,Single,3441,Yes,13,2,sat,3045.0,396.0
0,34,3,847,Male,4,Married,3737,No,19,4,sat,3140.0,597.0
0,40,9,1449,Male,3,Divorced,3975,No,11,11,sat,3581.0,394.0
1,25,5,142,Male,3,Single,5744,Yes,11,6,sat,5175.0,569.0
0,33,2,1670,Male,4,Divorced,5505,No,14,6,sat,4829.0,676.0
0,47,25,1993,Male,3,Single,8633,No,23,25,sat,7019.0,1614.0
0,45,11,1045,Female,4,Married,17650,No,13,26,sat,15619.0,2031.0
0,35,8,805,Female,4,Married,2572,No,16,3,sat,2217.0,355.0
0,29,7,1260,Male,4,Divorced,6623,Yes,11,6,sat,5967.0,656.0
1,29,13,1487,Female,2,Single,5765,No,11,7,unsat,5194.0,571.0
0,46,2,38,Female,1,Single,18947,No,12,22,unsat,16917.0,2030.0
0,49,22,1655,Female,2,Married,16413,No,16,27,unsat,14149.0,2264.0
0,35,11,2003,Male,3,Married,2660,Yes,11,5,sat,2396.0,264.0
0,35,23,1826,Male,3,Married,2705,No,16,6,sat,2332.0,373.0
0,29,9,1709,Female,3,Married,2974,No,17,9,sat,2542.0,432.0
1,48,7,1691,Female,3,Married,2655,Yes,11,19,sat,2392.0,263.0
0,32,2,1235,Female,3,Single,4998,Yes,14,10,sat,4384.0,614.0
0,59,1,91,Female,3,Single,5473,No,11,20,sat,4931.0,542.0
0,25,3,879,Male,1,Married,4194,Yes,18,5,unsat,3554.0,640.0
0,45,25,1888,Female,4,Married,5906,No,13,10,sat,5227.0,679.0
0,31,2,424,Male,1,Married,6410,No,12,9,unsat,5723.0,687.0
0,21,5,1623,Male,4,Single,3117,No,18,3,sat,2642.0,475.0
0,43,15,1666,Male,3,Married,17603,No,24,14,sat,14196.0,3407.0
0,36,2,1847,Female,2,Married,6962,Yes,22,15,unsat,5707.0,1255.0
0,38,17,1088,Female,3,Married,8823,No,18,20,sat,7477.0,1346.0
0,35,1,314,Female,3,Single,8789,No,14,10,sat,7710.0,1079.0
0,39,21,1390,Male,4,Married,6120,Yes,12,8,sat,5464.0,656.0
0,33,25,1220,Female,3,Married,4539,No,12,10,sat,4053.0,486.0
0,33,25,1545,Male,2,Single,4320,No,13,5,unsat,3823.0,497.0
0,42,12,1943,Male,4,Divorced,5087,Yes,12,14,sat,4542.0,545.0
0,28,9,498,Male,4,Single,5253,No,16,7,sat,4528.0,725.0
0,56,1,2026,Male,3,Divorced,6306,No,21,13,sat,5212.0,1094.0
0,55,2,1074,Male,1,Single,16756,No,15,31,unsat,14570.0,2186.0
0,51,8,296,Male,2,Married,12490,No,16,16,unsat,10767.0,1723.0
0,29,21,20,Female,1,Divorced,9980,No,11,10,unsat,8991.0,989.0
0,55,26,1973,Male,2,Married,19636,Yes,18,35,unsat,16641.0,2995.0
1,30,4,514,Male,4,Single,2285,Yes,23,3,sat,1858.0,427.0
0,35,1,105,Male,3,Single,2859,No,18,6,sat,2423.0,436.0
0,42,2,1109,Male,1,Married,17665,No,17,23,unsat,15098.0,2567.0
0,34,1,1447,Female,2,Married,3294,No,17,7,unsat,2815.0,479.0
0,41,6,298,Female,4,Single,13591,Yes,18,16,sat,11518.0,2073.0
0,29,2,94,Male,2,Married,2703,No,23,6,unsat,2198.0,505.0
0,38,12,837,Male,1,Divorced,6288,No,15,13,unsat,5468.0,820.0
0,27,2,54,Female,1,Divorced,2341,No,13,1,unsat,2072.0,269.0
0,40,9,287,Male,4,Married,4876,No,14,5,sat,4277.0,599.0
0,31,2,1613,Male,1,Single,5332,No,13,10,unsat,4719.0,613.0
0,39,9,1132,Male,2,Single,6782,No,15,9,unsat,5897.0,885.0
1,33,14,325,Male,4,Married,2436,Yes,13,8,sat,2156.0,280.0
1,49,28,1420,Male,1,Single,4284,No,20,20,unsat,3570.0,714.0
0,34,8,808,Female,1,Married,6500,No,17,6,unsat,5556.0,944.0
0,25,28,183,Male,3,Married,8639,No,18,6,sat,7321.0,1318.0
1,29,24,1928,Male,1,Single,1091,No,17,1,unsat,932.0,159.0
0,37,10,2017,Female,4,Married,13744,Yes,25,16,sat,10995.0,2749.0
0,32,5,1764,Male,2,Single,2718,No,14,12,unsat,2384.0,334.0
0,27,9,1965,Male,4,Single,4105,No,14,7,sat,3601.0,504.0
1,24,9,1494,Male,1,Single,3172,Yes,11,4,unsat,2858.0,314.0
0,57,1,482,Male,3,Married,6755,No,11,15,sat,6086.0,669.0
1,23,6,811,Male,1,Married,1601,Yes,21,1,unsat,1323.0,278.0
0,46,1,1602,Male,1,Single,17567,No,15,27,unsat,15276.0,2291.0
0,38,10,1119,Male,3,Divorced,8740,Yes,14,9,sat,7667.0,1073.0
0,19,3,201,Female,2,Single,1483,No,14,1,unsat,1301.0,182.0
0,30,8,1015,Female,1,Married,11416,Yes,12,9,unsat,10193.0,1223.0
0,47,14,1934,Male,2,Married,5467,No,18,16,unsat,4633.0,834.0
0,38,1,1668,Male,4,Married,4735,No,15,19,sat,4117.0,618.0
0,24,9,1707,Male,3,Married,4401,No,16,5,sat,3794.0,607.0
0,27,1,725,Female,1,Married,7412,No,11,9,unsat,6677.0,735.0
0,41,9,200,Male,1,Married,2238,No,21,7,unsat,1850.0,388.0
0,51,2,408,Male,2,Divorced,5482,No,18,13,unsat,4646.0,836.0
1,35,10,1639,Male,1,Married,10306,No,17,15,unsat,8809.0,1497.0
0,49,18,638,Male,3,Divorced,19502,Yes,17,31,sat,16668.0,2834.0
0,34,9,717,Female,2,Single,8621,No,14,9,unsat,7562.0,1059.0
0,36,10,592,Male,4,Single,9980,No,14,10,sat,8754.0,1226.0
0,44,1,68,Female,1,Divorced,5454,Yes,21,9,unsat,4507.0,947.0
1,29,24,1868,Male,4,Single,2439,Yes,24,1,sat,1967.0,472.0
0,32,1,78,Male,4,Married,6162,Yes,22,9,sat,5051.0,1111.0
1,29,18,315,Male,4,Single,2389,Yes,13,4,sat,2114.0,275.0
1,35,27,1797,Male,4,Single,5813,Yes,18,10,sat,4926.0,887.0
0,37,14,515,Female,1,Divorced,3034,No,12,18,unsat,2709.0,325.0
0,39,24,2056,Female,4,Married,12031,No,11,21,sat,10839.0,1192.0
0,40,16,1641,Female,4,Single,7945,Yes,15,18,sat,6909.0,1036.0
0,56,7,112,Male,4,Single,7260,No,11,37,sat,6541.0,719.0
0,30,29,1568,Male,2,Married,9250,No,12,9,unsat,8259.0,991.0
1,32,11,631,Male,3,Married,4707,No,12,6,sat,4203.0,504.0
1,53,24,1968,Male,1,Single,10448,Yes,13,15,unsat,9246.0,1202.0
0,36,5,51,Female,1,Married,3419,Yes,14,6,unsat,2999.0,420.0
0,33,13,995,Female,4,Single,3452,No,18,5,sat,2925.0,527.0
0,28,4,129,Male,3,Married,4221,No,15,5,sat,3670.0,551.0
0,54,7,1830,Female,4,Married,6854,No,15,14,sat,5960.0,894.0
1,29,23,1165,Female,1,Married,7336,No,13,11,unsat,6492.0,844.0
0,55,14,254,Male,2,Single,18722,No,11,36,unsat,16867.0,1855.0
0,40,14,1598,Female,1,Married,4639,No,15,5,unsat,4034.0,605.0
1,29,1,2027,Male,4,Married,4787,Yes,14,4,sat,4199.0,588.0
0,22,1,2007,Male,3,Single,3375,No,12,4,sat,3013.0,362.0
0,29,20,1852,Male,4,Married,3812,No,13,11,sat,3373.0,439.0
0,28,3,1121,Female,2,Divorced,7655,No,17,10,unsat,6543.0,1112.0
0,31,8,1461,Female,2,Single,2109,No,18,8,unsat,1787.0,322.0
0,44,2,1496,Male,3,Single,10209,Yes,18,16,sat,8652.0,1557.0
0,22,19,217,Male,4,Married,2323,No,24,2,sat,1873.0,450.0
0,31,2,1974,Female,4,Divorced,1129,Yes,11,1,sat,1017.0,112.0
0,50,29,569,Male,3,Married,17046,No,15,28,sat,14823.0,2223.0
0,35,16,14,Male,2,Married,2426,No,13,6,unsat,2147.0,279.0
0,46,2,575,Male,3,Married,17861,No,13,26,sat,15806.0,2055.0
0,40,9,1548,Male,1,Married,5473,No,12,9,unsat,4887.0,586.0
0,37,1,1196,Female,4,Married,6474,No,13,14,sat,5729.0,745.0
0,59,2,140,Female,4,Married,18844,No,21,30,sat,15574.0,3270.0
0,55,26,1578,Male,4,Married,19586,No,21,36,sat,16187.0,3399.0
0,22,16,22,Male,4,Divorced,2935,Yes,13,1,sat,2597.0,338.0
1,44,1,1098,Male,1,Married,10482,No,14,24,unsat,9195.0,1287.0
1,23,7,1702,Male,4,Divorced,2275,Yes,21,3,sat,1880.0,395.0
0,47,2,1443,Female,3,Married,17169,No,19,26,sat,14428.0,2741.0
0,50,9,1591,Male,3,Married,19331,Yes,16,27,sat,16665.0,2666.0
0,35,25,899,Male,2,Married,10903,No,16,16,unsat,9399.0,1504.0
0,31,4,1916,Female,3,Divorced,3978,No,12,4,sat,3552.0,426.0
0,33,8,1515,Male,3,Single,6388,Yes,17,14,sat,5460.0,928.0
0,35,28,1554,Female,3,Married,2430,No,23,6,sat,1976.0,454.0
0,39,1,417,Male,4,Divorced,9613,No,17,19,sat,8216.0,1397.0
0,46,2,363,Female,2,Married,16872,Yes,12,28,unsat,15064.0,1808.0
0,36,6,373,Male,4,Married,3210,No,11,16,sat,2892.0,318.0
0,41,4,1722,Male,2,Married,6430,No,19,10,unsat,5403.0,1027.0
0,33,7,1970,Male,3,Divorced,5968,No,20,9,sat,4973.0,995.0
0,37,6,378,Male,4,Married,6502,No,14,7,sat,5704.0,798.0
0,38,6,107,Female,4,Divorced,5329,Yes,12,17,sat,4758.0,571.0
0,38,2,803,Female,1,Single,5980,Yes,12,17,unsat,5339.0,641.0
0,46,18,550,Female,3,Divorced,4810,No,14,19,sat,4219.0,591.0
0,18,1,1368,Female,4,Single,1611,No,15,0,sat,1401.0,210.0
0,39,6,1588,Male,3,Married,8237,No,11,11,sat,7421.0,816.0
0,32,5,1607,Female,4,Married,3312,No,17,6,sat,2831.0,481.0
0,39,19,1871,Male,4,Divorced,3902,No,14,7,sat,3423.0,479.0
0,41,9,999,Male,3,Divorced,19419,No,17,21,sat,16597.0,2822.0
0,22,26,1605,Female,3,Married,2814,Yes,14,4,sat,2468.0,346.0
0,25,19,1358,Male,4,Married,3669,No,11,7,sat,3305.0,364.0
0,53,2,1472,Male,2,Single,16598,No,12,35,unsat,14820.0,1778.0
0,52,8,1409,Female,1,Married,2950,No,13,12,unsat,2611.0,339.0
0,47,4,1827,Female,2,Divorced,10333,Yes,12,28,unsat,9226.0,1107.0
0,32,9,679,Female,4,Married,6322,Yes,12,6,sat,5645.0,677.0
0,41,7,1035,Female,3,Divorced,19973,No,22,21,sat,16371.0,3602.0
0,30,8,982,Male,3,Divorced,7264,No,11,10,sat,6544.0,720.0
0,27,3,850,Male,4,Married,1706,No,11,0,sat,1537.0,169.0
0,36,6,97,Female,4,Married,3038,No,12,5,sat,2712.0,326.0
0,26,23,72,Female,4,Married,4157,Yes,19,5,sat,3493.0,664.0
1,36,9,27,Male,1,Single,3407,No,23,10,unsat,2770.0,637.0
0,52,1,259,Male,3,Married,19999,No,14,34,sat,17543.0,2456.0
0,40,2,1986,Female,2,Married,5677,No,14,15,unsat,4980.0,697.0
0,43,8,526,Female,3,Divorced,4522,Yes,14,8,sat,3967.0,555.0
0,42,29,1148,Male,4,Single,4272,No,19,16,sat,3590.0,682.0
0,41,5,1814,Male,2,Single,6870,No,12,11,unsat,6134.0,736.0
0,32,29,2010,Female,2,Single,2837,No,13,6,unsat,2511.0,326.0
0,34,4,523,Female,3,Married,6538,No,15,6,sat,5685.0,853.0
1,34,24,1489,Female,2,Single,4599,Yes,23,16,unsat,3739.0,860.0
0,47,4,467,Male,3,Single,2976,No,19,5,sat,2501.0,475.0
0,31,7,1833,Female,1,Married,9637,No,14,9,unsat,8454.0,1183.0
0,30,28,441,Female,4,Married,5775,No,13,11,sat,5111.0,664.0
0,42,5,1029,Male,3,Married,18303,No,13,21,sat,16197.0,2106.0
0,30,25,475,Female,3,Married,4736,Yes,12,4,sat,4229.0,507.0
0,53,1,1775,Female,3,Married,12965,Yes,20,27,sat,10804.0,2161.0
1,28,17,1960,Male,4,Divorced,2367,No,12,6,sat,2113.0,254.0
0,29,15,15,Female,3,Single,4193,Yes,12,10,sat,3744.0,449.0
1,40,22,492,Male,3,Married,6380,Yes,12,8,sat,5696.0,684.0
0,36,8,878,Male,1,Married,2342,No,21,6,unsat,1936.0,406.0
0,35,22,381,Female,2,Divorced,11996,No,18,10,unsat,10166.0,1830.0
0,35,1,1369,Female,4,Married,5363,No,12,10,sat,4788.0,575.0
0,41,7,1025,Female,3,Single,5003,No,14,8,sat,4389.0,614.0
0,32,7,1446,Male,4,Married,9204,No,12,7,sat,8218.0,986.0
0,39,15,1975,Male,1,Single,13341,No,12,21,unsat,11912.0,1429.0
0,46,2,1732,Male,4,Divorced,10368,Yes,12,13,sat,9257.0,1111.0
1,31,16,1761,Male,3,Married,8161,No,13,10,sat,7222.0,939.0
0,31,8,1430,Female,2,Single,16422,No,11,9,unsat,14795.0,1627.0
0,34,1,1184,Male,1,Single,5343,No,20,14,unsat,4452.0,891.0
1,37,10,1809,Male,1,Single,4213,No,15,10,unsat,3663.0,550.0
0,20,2,1657,Female,3,Single,2783,No,19,2,sat,2339.0,444.0
0,24,24,632,Male,4,Married,2400,No,13,3,sat,2124.0,276.0
0,39,10,1618,Male,1,Married,5377,No,13,10,unsat,4758.0,619.0
1,30,1,1562,Male,1,Married,9714,No,11,10,unsat,8751.0,963.0
1,26,16,394,Male,2,Divorced,2373,Yes,13,5,unsat,2100.0,273.0
0,58,1,1423,Female,1,Married,19701,Yes,21,32,unsat,16282.0,3419.0
0,33,4,1771,Male,2,Divorced,3055,No,15,11,unsat,2657.0,398.0
0,35,1,2052,Female,4,Married,2977,No,12,4,sat,2658.0,319.0
0,49,25,1617,Female,1,Married,3211,No,14,10,unsat,2817.0,394.0
0,31,5,423,Male,4,Married,4821,Yes,12,6,sat,4304.0,517.0
0,29,10,463,Female,2,Divorced,8268,Yes,14,7,unsat,7253.0,1015.0
0,24,1,1981,Male,3,Single,4617,No,12,4,sat,4122.0,495.0
1,35,18,1380,Female,3,Married,4614,Yes,18,5,sat,3910.0,704.0
1,56,14,161,Female,2,Married,4963,Yes,18,7,unsat,4206.0,757.0
0,28,26,1387,Male,1,Married,4724,No,11,5,unsat,4256.0,468.0
0,35,3,704,Male,3,Married,1281,No,18,1,sat,1086.0,195.0
0,54,9,1969,Female,3,Married,2897,No,11,9,sat,2610.0,287.0
0,30,16,1479,Male,3,Married,5301,No,15,4,sat,4610.0,691.0
0,42,29,547,Female,3,Divorced,4556,No,11,19,sat,4105.0,451.0
0,54,2,126,Female,3,Married,13549,No,12,16,sat,12097.0,1452.0
0,59,18,1283,Male,4,Single,10512,No,12,25,sat,9386.0,1126.0
0,52,29,2019,Male,4,Divorced,3482,No,15,16,sat,3028.0,454.0
0,38,15,461,Male,4,Divorced,11510,Yes,14,12,sat,10096.0,1414.0
0,31,9,493,Male,2,Single,2657,Yes,16,3,unsat,2291.0,366.0
0,33,10,1268,Male,3,Divorced,8380,Yes,14,10,sat,7351.0,1029.0
0,33,15,2009,Female,4,Married,4878,Yes,13,10,sat,4317.0,561.0
0,44,4,852,Male,2,Single,5933,No,12,10,unsat,5297.0,636.0
1,19,1,235,Female,1,Single,2325,No,21,1,unsat,1921.0,404.0
0,37,2,139,Male,4,Divorced,5163,No,14,17,sat,4529.0,634.0
0,35,8,1164,Male,3,Single,4323,No,17,6,sat,3695.0,628.0
0,37,10,802,Female,1,Divorced,2782,Yes,13,6,unsat,2462.0,320.0
0,36,10,1880,Female,3,Married,5673,Yes,13,10,sat,5020.0,653.0
0,33,2,39,Male,4,Single,2496,No,11,7,sat,2249.0,247.0
1,31,8,1433,Female,2,Single,1261,No,12,1,unsat,1126.0,135.0
0,49,3,1509,Female,1,Married,4789,No,25,10,unsat,3831.0,958.0
0,43,12,520,Male,2,Divorced,14336,No,11,25,unsat,12915.0,1421.0
0,30,9,41,Male,3,Single,2206,No,13,10,sat,1952.0,254.0
1,33,2,328,Female,1,Married,2707,No,20,13,unsat,2256.0,451.0
0,35,22,577,Male,3,Single,4230,No,15,6,sat,3678.0,552.0
0,28,29,1514,Male,2,Married,6549,No,14,8,unsat,5745.0,804.0
0,34,21,621,Male,4,Single,5337,No,12,10,sat,4765.0,572.0
1,41,5,1210,Male,1,Divorced,2107,No,17,5,unsat,1801.0,306.0
0,30,27,747,Male,4,Divorced,5304,No,23,10,sat,4312.0,992.0
1,34,16,1905,Male,1,Married,2307,Yes,23,5,unsat,1876.0,431.0
0,57,29,568,Male,4,Divorced,14118,No,12,32,sat,12605.0,1513.0
1,31,2,1379,Female,4,Single,2785,No,14,3,sat,2443.0,342.0
0,37,7,1885,Male,1,Married,4284,Yes,22,16,unsat,3511.0,773.0
1,28,2,440,Male,4,Married,3464,Yes,13,5,sat,3065.0,399.0
0,38,7,1382,Male,3,Divorced,2610,No,11,4,sat,2351.0,259.0
0,29,23,495,Male,4,Single,2201,No,16,6,sat,1897.0,304.0
0,28,5,916,Male,4,Single,4908,No,14,4,sat,4305.0,603.0
0,42,4,1171,Male,1,Single,5155,No,13,9,unsat,4562.0,593.0
0,29,8,1544,Female,1,Married,9715,No,13,9,unsat,8597.0,1118.0
0,38,9,245,Female,4,Single,2288,No,12,2,sat,2043.0,245.0
0,56,4,1191,Female,1,Divorced,19943,No,13,28,unsat,17649.0,2294.0
0,31,2,604,Male,4,Single,6582,Yes,13,10,sat,5825.0,757.0
0,34,1,649,Male,4,Married,3622,Yes,13,6,sat,3205.0,417.0
0,35,16,406,Male,2,Married,8020,No,15,12,unsat,6974.0,1046.0
0,35,8,1630,Female,3,Married,4148,No,12,15,sat,3704.0,444.0
0,35,16,1886,Female,2,Married,4788,Yes,11,4,unsat,4314.0,474.0
1,40,7,1649,Male,1,Single,2166,Yes,14,10,unsat,1900.0,266.0
0,27,6,1162,Male,3,Married,2539,No,13,4,sat,2247.0,292.0
0,41,3,2037,Male,2,Divorced,8938,No,11,14,unsat,8052.0,886.0
0,37,5,460,Male,4,Divorced,6347,No,16,8,sat,5472.0,875.0
1,31,6,163,Male,3,Married,6172,Yes,18,12,sat,5231.0,941.0
0,25,4,885,Male,1,Married,4256,No,12,5,unsat,3800.0,456.0
0,40,1,453,Male,4,Married,7457,Yes,22,6,sat,6112.0,1345.0
0,34,10,1774,Male,3,Divorced,4001,Yes,14,15,sat,3510.0,491.0
0,27,9,218,Male,2,Divorced,2024,No,18,6,unsat,1715.0,309.0
0,38,23,12,Male,3,Single,9526,No,21,10,sat,7873.0,1653.0
0,36,9,1949,Male,2,Married,2810,No,22,5,unsat,2303.0,507.0
1,33,16,1758,Female,1,Single,8564,Yes,20,11,unsat,7137.0,1427.0
0,30,3,680,Female,3,Divorced,2083,No,20,1,sat,1736.0,347.0
0,58,23,1308,Male,3,Divorced,2372,No,12,2,sat,2118.0,254.0
0,39,8,602,Female,3,Married,3755,No,11,8,sat,3383.0,372.0
0,30,24,11,Male,3,Divorced,2693,No,22,1,sat,2207.0,486.0
0,48,2,712,Male,2,Married,8120,No,12,12,unsat,7250.0,870.0
0,38,10,2015,Female,3,Married,13206,No,12,20,sat,11791.0,1415.0
0,38,2,1355,Female,1,Divorced,6893,No,15,11,unsat,5994.0,899.0
1,28,2,364,Male,3,Single,3485,No,11,5,sat,3140.0,345.0
0,25,4,527,Female,4,Single,4487,Yes,11,5,sat,4042.0,445.0
0,37,1,1700,Male,4,Divorced,9525,No,14,6,sat,8355.0,1170.0
0,53,2,1050,Female,2,Married,7525,No,12,30,unsat,6719.0,806.0
0,38,1,743,Female,3,Single,7861,Yes,14,10,sat,6896.0,965.0
0,31,9,581,Male,2,Divorced,10648,No,25,13,unsat,8518.0,2130.0
0,28,2,1296,Male,4,Married,3867,Yes,12,2,sat,3453.0,414.0
0,30,2,833,Female,4,Single,6877,Yes,24,12,sat,5546.0,1331.0
0,35,9,496,Male,2,Single,6540,No,19,10,unsat,5496.0,1044.0
0,43,9,1813,Male,3,Single,2438,No,13,7,sat,2158.0,280.0
0,48,1,664,Female,1,Married,15402,No,11,21,unsat,13876.0,1526.0
0,41,10,199,Male,1,Divorced,17181,No,13,21,unsat,15204.0,1977.0
1,26,3,510,Male,1,Single,3102,No,22,7,unsat,2543.0,559.0
0,28,7,1507,Male,1,Single,4898,No,14,5,unsat,4296.0,602.0
0,36,24,419,Female,2,Married,5674,No,15,11,unsat,4934.0,740.0
0,27,8,1094,Male,3,Married,4621,No,19,3,sat,3883.0,738.0
0,43,26,158,Male,4,Married,16959,Yes,12,25,sat,15142.0,1817.0
0,41,9,1772,Male,1,Divorced,2289,No,20,5,unsat,1908.0,381.0
0,24,10,507,Female,3,Divorced,4260,Yes,12,5,sat,3804.0,456.0
0,35,8,63,Male,4,Married,2269,No,19,1,sat,1907.0,362.0
0,54,3,303,Female,1,Married,5940,No,14,16,unsat,5211.0,729.0
0,31,2,1996,Male,3,Married,3067,No,19,3,sat,2577.0,490.0
0,40,2,1346,Male,4,Single,4661,No,13,9,sat,4125.0,536.0
1,19,22,167,Male,3,Single,1675,Yes,19,0,sat,1408.0,267.0
0,47,2,574,Female,4,Divorced,5070,No,13,20,sat,4487.0,583.0
0,33,1,855,Male,1,Divorced,4037,No,22,9,unsat,3309.0,728.0
0,36,3,1257,Male,2,Married,3692,No,12,12,unsat,3296.0,396.0
0,27,2,1898,Female,3,Single,6500,No,14,9,sat,5702.0,798.0
0,26,3,1581,Female,4,Married,2061,No,21,1,sat,1703.0,358.0
0,29,20,974,Female,4,Married,2157,No,15,3,sat,1876.0,281.0
0,32,24,772,Male,4,Married,5309,No,15,10,sat,4617.0,692.0
0,52,3,543,Male,3,Married,7969,Yes,14,28,sat,6990.0,979.0
1,29,14,1421,Female,4,Single,7553,Yes,12,9,sat,6744.0,809.0
1,35,14,1010,Male,2,Divorced,3743,Yes,24,5,unsat,3019.0,724.0
0,27,5,1850,Female,4,Single,2379,Yes,14,6,sat,2087.0,292.0
0,55,1,374,Male,1,Single,19045,Yes,14,37,unsat,16706.0,2339.0
0,48,22,1900,Female,4,Divorced,17174,No,11,24,sat,15472.0,1702.0
0,40,26,1180,Female,4,Married,4422,Yes,13,16,sat,3913.0,509.0
0,37,11,306,Male,4,Divorced,12185,Yes,14,10,sat,10689.0,1496.0
1,25,24,1273,Male,4,Single,1118,Yes,14,1,sat,981.0,137.0
0,37,6,474,Male,1,Divorced,5974,Yes,13,13,unsat,5287.0,687.0
0,32,3,727,Female,4,Single,11159,No,15,10,sat,9703.0,1456.0
0,33,6,692,Male,4,Divorced,7725,No,23,15,sat,6280.0,1445.0
0,31,24,1736,Female,4,Single,5238,No,20,9,sat,4365.0,873.0
0,29,2,1513,Female,2,Married,3180,No,13,4,unsat,2814.0,366.0
0,34,3,1115,Male,4,Married,2979,No,17,6,sat,2546.0,433.0
0,32,5,21,Male,2,Divorced,3298,Yes,12,7,unsat,2945.0,353.0
0,35,1,1172,Male,3,Married,2258,No,12,10,sat,2016.0,242.0
0,52,4,546,Female,4,Married,16555,No,13,31,sat,14650.0,1905.0
0,41,23,1678,Male,3,Single,7082,Yes,16,21,sat,6105.0,977.0
0,32,2,1190,Female,1,Divorced,2827,No,12,1,unsat,2524.0,303.0
0,47,14,728,Male,1,Single,4960,No,12,20,unsat,4429.0,531.0
0,43,15,754,Male,4,Married,6804,No,18,7,sat,5766.0,1038.0
0,36,1,479,Female,4,Single,6653,No,15,7,sat,5785.0,868.0
1,29,25,565,Female,2,Married,2546,No,16,6,unsat,2195.0,351.0
0,26,1,1083,Male,1,Married,3955,No,16,6,unsat,3409.0,546.0
1,29,9,1752,Female,2,Single,2760,No,13,2,unsat,2442.0,318.0
0,33,3,910,Male,2,Divorced,2277,Yes,11,7,unsat,2051.0,226.0
0,45,7,341,Male,3,Married,6434,No,17,9,sat,5499.0,935.0
0,37,25,1161,Female,4,Divorced,5731,No,13,9,sat,5072.0,659.0
1,29,1,300,Male,3,Single,2058,No,14,7,sat,1805.0,253.0
0,37,10,715,Male,4,Single,4680,No,17,4,sat,4000.0,680.0
0,34,5,1696,Male,4,Married,3986,No,14,15,sat,3496.0,490.0
0,32,1,2016,Female,4,Married,10422,No,19,14,sat,8758.0,1664.0
0,44,29,1225,Male,4,Single,4541,No,25,20,sat,3633.0,908.0
0,25,7,143,Male,4,Married,2889,No,11,2,sat,2603.0,286.0
0,38,2,773,Male,3,Married,3057,Yes,13,6,sat,2705.0,352.0
0,34,3,1658,Female,2,Divorced,5433,No,12,11,unsat,4851.0,582.0
0,34,26,1374,Female,3,Divorced,2029,No,20,5,sat,1691.0,338.0
0,33,5,428,Female,2,Married,11878,No,11,12,unsat,10701.0,1177.0
1,43,9,1188,Female,3,Single,5346,No,13,7,sat,4731.0,615.0
0,60,7,549,Female,1,Married,19566,No,11,33,unsat,17627.0,1939.0
0,49,20,170,Female,1,Married,6567,No,14,16,unsat,5761.0,806.0
0,40,9,1166,Female,3,Single,13499,No,17,20,sat,11538.0,1961.0
0,40,2,1474,Male,3,Divorced,2345,No,14,8,sat,2057.0,288.0
1,30,22,1004,Female,3,Married,2132,Yes,11,7,sat,1921.0,211.0
0,42,28,551,Female,4,Married,4523,No,11,7,sat,4075.0,448.0
0,26,6,1918,Male,4,Married,2544,No,18,8,sat,2156.0,388.0
0,39,1,1026,Female,4,Married,12742,No,16,21,sat,10984.0,1758.0
0,33,14,252,Female,2,Married,2756,No,13,8,unsat,2439.0,317.0
1,30,26,299,Female,1,Single,6696,No,15,9,unsat,5823.0,873.0
0,31,20,1135,Male,4,Married,2791,No,12,3,sat,2492.0,299.0
0,55,2,1096,Male,2,Married,10976,No,18,23,unsat,9302.0,1674.0
1,31,29,355,Male,2,Single,3479,No,11,6,unsat,3134.0,345.0
0,55,22,1694,Male,2,Divorced,3537,No,12,8,unsat,3158.0,379.0
0,46,3,1124,Male,3,Married,17465,No,12,23,sat,15594.0,1871.0
1,38,29,282,Male,1,Married,6673,Yes,19,17,unsat,5608.0,1065.0
0,53,2,23,Female,4,Married,15427,No,16,31,sat,13299.0,2128.0
0,51,6,1297,Female,3,Single,2838,No,14,8,sat,2489.0,349.0
0,23,10,784,Male,3,Single,3505,No,18,2,sat,2970.0,535.0
0,39,25,1397,Male,3,Married,10920,No,21,13,sat,9025.0,1895.0
0,42,2,2031,Male,3,Married,18880,No,11,24,sat,17009.0,1871.0
0,52,1,976,Male,4,Married,17099,No,15,26,sat,14869.0,2230.0
0,44,2,1703,Female,4,Married,7879,Yes,19,9,sat,6621.0,1258.0
0,40,10,954,Male,2,Divorced,9705,No,12,11,unsat,8665.0,1040.0
1,28,2,1504,Male,1,Single,2561,No,11,8,unsat,2307.0,254.0
0,31,20,1881,Male,3,Divorced,4197,No,11,10,sat,3781.0,416.0
0,40,2,521,Female,3,Married,3448,No,22,20,sat,2826.0,622.0
0,36,6,1221,Male,3,Divorced,2741,No,14,7,sat,2404.0,337.0
0,41,10,599,Male,4,Single,6230,No,14,16,sat,5465.0,765.0
1,35,23,261,Male,3,Married,5916,Yes,13,8,sat,5235.0,681.0
1,56,24,1907,Male,4,Single,2587,No,16,5,sat,2230.0,357.0
1,38,2,1573,Male,2,Married,4855,No,11,7,unsat,4374.0,481.0
1,18,3,405,Male,3,Single,1420,No,13,0,sat,1257.0,163.0
0,22,2,169,Male,4,Married,2523,No,14,3,sat,2213.0,310.0
0,54,17,1013,Female,3,Married,10739,No,11,22,sat,9675.0,1064.0
0,35,6,691,Male,4,Single,6646,No,13,17,sat,5881.0,765.0
0,35,5,464,Male,2,Single,8095,No,13,17,unsat,7164.0,931.0
0,36,13,829,Male,2,Married,2143,No,13,8,unsat,1896.0,247.0
1,46,9,1457,Male,4,Divorced,10096,No,11,28,sat,9095.0,1001.0
0,32,9,195,Male,4,Divorced,4668,No,17,9,sat,3990.0,678.0
0,32,1,134,Male,1,Single,2956,No,13,1,unsat,2616.0,340.0
0,29,1,1264,Female,4,Divorced,16124,No,14,9,sat,14144.0,1980.0
0,35,8,1243,Female,4,Married,10377,Yes,11,16,sat,9349.0,1028.0
0,30,12,533,Female,3,Single,6577,No,11,6,sat,5925.0,652.0
0,47,14,1503,Female,3,Married,4591,Yes,17,11,sat,3924.0,667.0
0,38,16,1583,Female,2,Single,4198,No,12,8,unsat,3748.0,450.0
0,31,1,1011,Female,1,Married,4148,No,12,4,unsat,3704.0,444.0
0,26,23,560,Female,4,Divorced,2886,No,22,3,sat,2366.0,520.0
0,27,17,233,Male,2,Married,3058,Yes,16,6,unsat,2636.0,422.0
0,40,14,1128,Male,3,Single,19626,No,14,21,sat,17216.0,2410.0
0,26,2,1407,Male,4,Single,3904,No,12,5,sat,3486.0,418.0
1,24,22,1714,Male,3,Married,1555,No,11,1,sat,1401.0,154.0
1,22,7,1878,Male,2,Single,2472,Yes,23,1,unsat,2010.0,462.0
0,37,21,267,Male,1,Married,3564,Yes,12,8,unsat,3182.0,382.0
0,27,8,458,Female,2,Married,6214,No,18,8,unsat,5266.0,948.0
0,29,7,912,Female,4,Divorced,2532,No,14,8,sat,2221.0,311.0
0,43,25,1076,Male,4,Divorced,10798,No,13,18,sat,9556.0,1242.0
1,55,13,1372,Male,3,Single,13695,Yes,17,24,sat,11705.0,1990.0
1,33,29,1101,Female,3,Single,4508,No,22,14,sat,3695.0,813.0
0,53,7,730,Male,3,Married,14814,No,19,32,sat,12449.0,2365.0
0,56,9,762,Male,4,Married,11103,No,11,30,sat,10003.0,1100.0
0,27,2,1371,Male,4,Single,5071,No,20,8,sat,4226.0,845.0
0,58,21,1938,Female,4,Married,17875,Yes,13,29,sat,15819.0,2056.0
1,51,8,179,Male,4,Single,10650,No,15,18,sat,9261.0,1389.0
0,39,3,760,Female,2,Married,6389,No,15,12,unsat,5556.0,833.0
1,36,9,90,Male,3,Married,3388,Yes,17,2,sat,2896.0,492.0
0,41,28,2034,Female,2,Married,13570,No,23,21,unsat,11033.0,2537.0
0,50,12,174,Female,4,Single,9208,No,11,16,sat,8295.0,913.0
0,31,7,76,Male,4,Divorced,5915,No,22,10,sat,4848.0,1067.0
0,40,10,483,Female,3,Married,2213,Yes,13,10,sat,1958.0,255.0
1,42,19,752,Male,3,Divorced,2759,Yes,12,7,sat,2463.0,296.0
0,36,17,1908,Male,2,Married,5507,No,16,12,unsat,4747.0,760.0
0,38,1,950,Female,1,Married,13582,No,13,15,unsat,12019.0,1563.0
0,29,10,749,Male,3,Single,2642,No,11,1,sat,2380.0,262.0
0,41,2,410,Male,2,Single,16015,No,19,22,unsat,13458.0,2557.0
0,42,2,1231,Male,1,Married,6272,No,16,10,unsat,5407.0,865.0
0,50,7,80,Female,3,Divorced,18740,Yes,12,29,sat,16732.0,2008.0
0,37,1,623,Female,4,Single,7491,No,17,12,sat,6403.0,1088.0
0,35,18,1621,Male,1,Married,5208,No,11,16,unsat,4692.0,516.0
0,58,2,1824,Male,2,Divorced,16291,No,22,37,unsat,13353.0,2938.0
0,29,27,793,Female,3,Married,4335,No,12,11,sat,3871.0,464.0
0,27,23,1864,Female,3,Married,3540,No,21,9,sat,2926.0,614.0
0,43,11,1971,Male,3,Married,7510,No,17,10,sat,6419.0,1091.0
0,25,8,2018,Female,3,Divorced,4907,Yes,22,6,sat,4022.0,885.0
0,37,4,311,Male,4,Divorced,2793,No,17,13,sat,2387.0,406.0
0,47,3,746,Female,3,Divorced,13770,Yes,12,28,sat,12295.0,1475.0
0,35,17,1218,Male,1,Married,8966,Yes,15,15,unsat,7797.0,1169.0
1,35,15,1645,Male,4,Divorced,5440,Yes,14,7,sat,4772.0,668.0
0,34,6,138,Female,3,Single,4809,No,14,16,sat,4218.0,591.0
1,40,24,986,Female,2,Single,13194,Yes,16,22,unsat,11374.0,1820.0
0,30,18,194,Female,3,Single,2632,No,14,5,sat,2309.0,323.0
0,40,28,615,Male,1,Divorced,10932,No,15,20,unsat,9506.0,1426.0
1,30,12,648,Male,1,Married,2033,No,18,1,unsat,1723.0,310.0
1,52,2,1038,Female,4,Married,19845,No,15,33,sat,17257.0,2588.0
0,54,1,1422,Female,4,Single,17328,No,19,29,sat,14561.0,2767.0
0,29,7,1883,Male,1,Single,2062,No,14,11,unsat,1809.0,253.0
0,38,8,1937,Female,2,Divorced,2133,Yes,16,20,unsat,1839.0,294.0
0,26,1,384,Female,2,Divorced,6397,No,20,6,unsat,5331.0,1066.0
1,26,2,1053,Male,1,Married,2042,Yes,14,6,unsat,1791.0,251.0
0,42,26,404,Female,2,Married,13525,No,14,23,unsat,11864.0,1661.0
0,34,1,1580,Male,4,Married,5484,No,17,9,sat,4687.0,797.0
0,36,10,1312,Female,3,Married,7094,No,12,10,sat,6334.0,760.0
0,48,2,1258,Male,2,Single,2559,No,11,7,unsat,2305.0,254.0
0,33,21,1698,Male,2,Married,2028,No,18,14,unsat,1719.0,309.0
0,31,5,399,Female,2,Divorced,2789,No,11,2,unsat,2513.0,276.0
0,48,4,1024,Male,3,Single,10999,No,14,27,sat,9648.0,1351.0
1,55,2,842,Male,4,Single,5160,No,16,12,sat,4448.0,712.0
0,40,9,964,Male,2,Divorced,3617,Yes,14,3,unsat,3173.0,444.0
0,45,29,1465,Male,4,Married,9380,Yes,18,10,sat,7949.0,1431.0
0,31,26,16,Male,3,Divorced,2911,No,17,5,sat,2488.0,423.0
0,50,2,1215,Female,1,Married,17856,No,22,32,unsat,14636.0,3220.0
0,36,8,742,Female,1,Married,11713,No,14,10,unsat,10275.0,1438.0
0,50,11,226,Female,2,Single,19926,No,15,21,unsat,17327.0,2599.0
0,36,3,397,Male,2,Single,4485,No,12,10,unsat,4004.0,481.0
1,55,2,787,Male,1,Married,19859,Yes,13,24,unsat,17574.0,2285.0
0,35,1,1564,Male,1,Single,2450,No,19,3,unsat,2059.0,391.0
0,34,1,1535,Male,3,Married,7083,Yes,14,10,sat,6213.0,870.0
0,40,1,2012,Male,4,Married,2406,No,19,8,sat,2022.0,384.0
0,48,4,1363,Male,4,Single,7898,No,11,11,sat,7115.0,783.0
1,24,7,647,Female,3,Married,2886,Yes,16,6,sat,2488.0,398.0
0,35,18,1945,Male,1,Married,5561,No,16,6,unsat,4794.0,767.0
0,30,2,508,Male,2,Married,2476,No,18,1,unsat,2098.0,378.0
0,36,7,1362,Female,1,Married,4639,No,16,17,unsat,3999.0,640.0
1,48,1,64,Male,3,Single,5381,Yes,13,23,sat,4762.0,619.0
0,46,1,288,Male,1,Divorced,9396,No,16,17,unsat,8100.0,1296.0
0,29,5,1669,Male,2,Divorced,4187,Yes,13,10,unsat,3705.0,482.0
0,39,2,343,Female,3,Single,10938,No,25,20,sat,8750.0,2188.0
0,33,2,1756,Female,2,Single,5147,No,15,13,unsat,4476.0,671.0
1,20,9,1077,Female,4,Single,2323,Yes,14,2,sat,2038.0,285.0
0,40,11,1985,Female,3,Married,6323,No,11,10,sat,5696.0,627.0
0,30,1,1241,Male,2,Married,3579,Yes,21,12,unsat,2958.0,621.0
0,37,16,868,Male,3,Divorced,6334,No,19,9,sat,5323.0,1011.0
0,43,28,171,Female,3,Single,4739,No,12,18,sat,4231.0,508.0
0,29,8,1150,Male,4,Married,5056,Yes,15,10,sat,4397.0,659.0
0,46,5,62,Male,4,Single,5772,Yes,21,14,sat,4770.0,1002.0
0,25,8,707,Male,2,Married,4851,No,22,4,unsat,3976.0,875.0
0,32,8,207,Female,4,Single,8998,No,14,9,sat,7893.0,1105.0
0,28,1,1301,Male,1,Single,2080,No,11,5,unsat,1874.0,206.0
0,53,7,862,Female,4,Married,10934,Yes,18,35,sat,9266.0,1668.0
0,59,3,10,Female,1,Married,2670,Yes,20,12,unsat,2225.0,445.0
0,41,1,734,Male,3,Married,19189,No,12,22,sat,17133.0,2056.0
1,29,1,816,Female,1,Married,2319,Yes,11,1,unsat,2089.0,230.0
0,32,26,333,Male,4,Married,4465,No,18,4,sat,3784.0,681.0
0,28,15,1102,Male,3,Divorced,2207,No,16,4,sat,1903.0,304.0
0,38,10,1563,Male,3,Married,6077,No,11,10,sat,5475.0,602.0
0,45,23,1002,Male,1,Married,3633,Yes,15,9,unsat,3159.0,474.0
1,29,1,896,Female,3,Divorced,2800,Yes,19,5,sat,2353.0,447.0
0,28,3,1875,Female,2,Married,2856,No,19,1,unsat,2400.0,456.0
1,18,8,1156,Male,3,Single,1904,No,12,0,sat,1700.0,204.0
0,27,10,1403,Female,4,Married,5769,Yes,11,6,sat,5197.0,572.0
0,36,7,1659,Male,2,Single,2013,No,11,15,unsat,1814.0,199.0
0,34,19,18,Male,4,Divorced,2661,No,11,3,sat,2397.0,264.0
0,36,5,1651,Female,1,Married,8008,No,12,9,unsat,7150.0,858.0
0,42,29,836,Male,2,Married,4434,No,13,10,unsat,3924.0,510.0
0,42,23,1976,Male,3,Single,4332,No,12,20,sat,3868.0,464.0
0,35,7,845,Male,3,Single,10221,No,21,17,sat,8447.0,1774.0
0,51,7,211,Male,3,Married,6132,No,17,10,sat,5241.0,891.0
0,31,5,1673,Female,4,Married,5476,No,11,10,sat,4933.0,543.0
0,51,11,1367,Female,2,Single,13142,No,16,29,unsat,11329.0,1813.0
0,43,6,1402,Female,3,Single,4081,Yes,14,20,sat,3580.0,501.0
0,35,18,2049,Male,3,Married,5689,Yes,14,10,sat,4990.0,699.0
0,33,8,1798,Male,1,Married,3143,No,19,14,unsat,2641.0,502.0
0,38,18,1766,Male,4,Married,5811,Yes,16,15,sat,5009.0,802.0
1,46,9,118,Male,4,Single,9619,No,16,9,sat,8292.0,1327.0
0,34,10,277,Male,3,Divorced,3815,Yes,17,5,sat,3261.0,554.0
0,54,10,1980,Female,1,Single,4440,Yes,19,9,unsat,3731.0,709.0
1,33,16,819,Female,1,Single,5324,No,15,6,unsat,4630.0,694.0
0,38,3,1060,Male,3,Married,2821,No,16,8,sat,2432.0,389.0
0,24,4,888,Male,4,Married,3162,No,17,6,sat,2703.0,459.0
0,33,5,338,Female,4,Married,2911,No,13,2,sat,2576.0,335.0
0,35,27,856,Female,1,Single,2559,No,11,6,unsat,2305.0,254.0
0,45,2,834,Female,3,Single,2274,No,14,1,sat,1995.0,279.0
0,46,10,580,Female,4,Married,9071,Yes,19,15,sat,7623.0,1448.0
0,28,17,536,Male,1,Divorced,4558,No,12,10,unsat,4070.0,488.0
1,28,24,1082,Male,1,Single,8722,No,12,10,unsat,7787.0,935.0
0,42,8,35,Male,2,Married,6825,No,11,10,unsat,6149.0,676.0
1,39,2,1458,Female,1,Single,3646,Yes,23,11,unsat,2964.0,682.0
0,50,22,1539,Male,4,Single,14411,Yes,13,32,sat,12753.0,1658.0
0,29,19,611,Male,4,Divorced,4262,No,12,8,sat,3805.0,457.0
0,47,4,1003,Female,4,Single,4163,Yes,17,9,sat,3558.0,605.0
0,45,4,972,Male,2,Married,4447,No,12,9,unsat,3971.0,476.0
0,50,1,1040,Female,3,Married,6347,No,12,19,sat,5667.0,680.0
0,29,29,1859,Male,3,Divorced,6384,No,17,11,sat,5456.0,928.0
1,26,25,55,Male,3,Single,2293,No,12,1,sat,2047.0,246.0
0,53,23,901,Female,4,Single,14275,No,18,33,sat,12097.0,2178.0
0,55,2,1770,Male,1,Married,19038,No,12,34,unsat,16998.0,2040.0
0,38,2,556,Male,4,Married,1702,Yes,23,1,sat,1384.0,318.0
0,39,18,1322,Male,3,Single,4534,No,11,9,sat,4085.0,449.0
0,33,10,1924,Male,3,Single,5487,No,14,10,sat,4813.0,674.0
0,55,2,1336,Female,3,Married,19187,No,14,23,sat,16831.0,2356.0
0,41,6,466,Male,2,Single,6032,Yes,15,8,unsat,5245.0,787.0
1,24,17,1219,Female,2,Married,2210,No,13,1,unsat,1956.0,254.0
0,31,23,367,Male,4,Married,5582,No,21,10,sat,4613.0,969.0
0,36,9,699,Male,2,Divorced,8847,Yes,11,13,unsat,7970.0,877.0
0,35,3,984,Male,4,Divorced,7823,No,13,12,sat,6923.0,900.0
0,55,4,1501,Male,3,Married,4035,Yes,16,4,sat,3478.0,557.0
0,24,29,1725,Male,1,Divorced,3907,No,13,6,unsat,3458.0,449.0
0,50,28,1317,Female,1,Married,16880,Yes,11,25,unsat,15207.0,1673.0
0,37,3,689,Male,3,Married,9434,No,15,10,sat,8203.0,1231.0
0,36,10,1790,Male,1,Married,8321,Yes,13,15,unsat,7364.0,957.0
0,28,1,1286,Male,3,Single,2154,Yes,11,5,sat,1941.0,213.0
0,27,7,764,Female,1,Single,6811,No,19,9,unsat,5724.0,1087.0
0,33,8,1560,Male,1,Married,6392,No,13,8,unsat,5657.0,735.0
0,30,9,1298,Female,3,Single,4695,Yes,18,10,sat,3979.0,716.0
0,45,6,101,Male,1,Married,13245,Yes,14,17,unsat,11618.0,1627.0
0,29,1,1954,Male,1,Married,5373,No,12,6,unsat,4797.0,576.0
0,30,15,1754,Male,1,Divorced,7140,No,11,12,unsat,6432.0,708.0
0,41,1,534,Male,1,Married,8392,No,16,10,unsat,7234.0,1158.0
0,53,6,205,Male,3,Married,2306,Yes,20,13,sat,1922.0,384.0
0,34,4,1882,Male,4,Married,9713,Yes,13,9,sat,8596.0,1117.0
0,39,13,1307,Female,2,Divorced,17123,Yes,13,21,unsat,15153.0,1970.0
0,32,2,8,Male,4,Single,3068,No,13,8,sat,2715.0,353.0
0,40,12,1829,Female,1,Divorced,4448,No,12,15,unsat,3971.0,477.0
0,52,2,329,Male,3,Single,19068,Yes,18,33,sat,16159.0,2909.0
0,27,16,1001,Female,2,Married,2811,No,14,4,unsat,2466.0,345.0
0,27,8,1647,Female,3,Married,3517,No,17,5,sat,3006.0,511.0
0,47,2,925,Female,4,Single,3294,Yes,18,3,sat,2792.0,502.0
0,34,9,1344,Male,4,Divorced,8500,No,11,10,sat,7658.0,842.0
0,21,9,484,Male,4,Single,2610,No,24,3,sat,2105.0,505.0
0,51,1,145,Female,1,Single,7484,No,20,23,unsat,6237.0,1247.0
1,26,4,401,Male,4,Single,5828,Yes,12,8,sat,5204.0,624.0
0,37,3,1062,Female,2,Single,4107,No,15,8,unsat,3571.0,536.0
0,58,10,131,Male,3,Single,13872,No,13,38,sat,12276.0,1596.0
0,30,16,1763,Male,3,Married,5294,No,16,10,sat,4564.0,730.0
0,46,1,124,Male,1,Married,10673,Yes,13,21,unsat,9445.0,1228.0
0,23,4,1735,Female,2,Single,3295,No,13,3,unsat,2916.0,379.0
0,44,10,40,Male,4,Married,6465,Yes,13,9,sat,5721.0,744.0
0,38,10,634,Female,3,Married,9824,No,19,18,sat,8255.0,1569.0
0,35,2,1804,Male,4,Divorced,5762,No,14,15,sat,5054.0,708.0
0,37,10,486,Female,1,Married,3452,No,20,17,unsat,2877.0,575.0
0,38,1,1961,Male,1,Single,2858,No,14,20,unsat,2507.0,351.0
0,32,10,1516,Male,4,Single,11244,No,25,10,sat,8995.0,2249.0
0,59,2,1032,Female,4,Single,13726,Yes,13,30,sat,12147.0,1579.0
0,40,16,1340,Male,3,Divorced,3544,No,16,6,sat,3055.0,489.0
0,30,1,1499,Male,3,Divorced,2064,No,21,6,sat,1706.0,358.0
0,46,5,103,Male,2,Divorced,5021,Yes,22,16,unsat,4116.0,905.0
0,31,29,1784,Female,4,Married,5468,No,14,13,sat,4796.0,672.0
0,33,4,305,Female,2,Married,2622,No,21,7,unsat,2167.0,455.0
0,40,2,2051,Female,3,Married,2001,No,14,20,sat,1755.0,246.0
0,28,2,1136,Male,2,Married,3201,No,17,6,unsat,2736.0,465.0
0,45,1,996,Female,4,Divorced,2270,No,14,8,sat,1991.0,279.0
0,27,14,1244,Male,1,Married,2235,Yes,14,9,unsat,1961.0,274.0
1,52,5,1319,Male,2,Single,8446,Yes,19,10,unsat,7097.0,1349.0
0,41,1,1999,Male,4,Married,2782,No,22,12,sat,2280.0,502.0
0,41,8,1909,Female,2,Married,4393,No,21,14,unsat,3631.0,762.0
0,38,2,1835,Female,4,Married,5405,Yes,20,20,sat,4504.0,901.0
1,26,29,1037,Male,1,Single,4969,No,18,7,unsat,4211.0,758.0
0,28,27,1622,Female,1,Divorced,4877,No,21,6,unsat,4031.0,846.0
0,55,8,1278,Male,2,Divorced,13577,Yes,15,34,unsat,11806.0,1771.0
1,39,2,1127,Male,4,Divorced,12169,No,11,21,sat,10963.0,1206.0
0,40,4,215,Male,4,Married,10855,No,11,15,sat,9779.0,1076.0
0,35,11,70,Male,1,Married,9884,Yes,13,10,unsat,8747.0,1137.0
0,36,2,1890,Male,4,Single,3886,No,21,10,sat,3212.0,674.0
1,31,22,1389,Male,3,Married,6179,Yes,15,10,sat,5373.0,806.0
1,44,10,1200,Male,3,Single,2936,Yes,11,6,sat,2645.0,291.0
0,22,5,284,Male,2,Divorced,2328,Yes,16,4,unsat,2007.0,321.0
0,40,6,601,Female,3,Single,13237,No,15,22,sat,11510.0,1727.0
0,39,21,1929,Female,3,Married,5736,No,19,10,sat,4820.0,916.0
0,34,16,838,Female,4,Single,2553,No,16,6,sat,2201.0,352.0
0,35,4,1185,Male,4,Married,2376,No,13,2,sat,2103.0,273.0
0,44,7,36,Female,4,Married,10248,No,14,24,sat,8989.0,1259.0
0,54,8,578,Female,3,Single,3780,No,11,19,sat,3405.0,375.0
1,28,1,1111,Male,2,Divorced,2596,No,15,1,unsat,2257.0,339.0
1,36,15,1052,Male,3,Divorced,4834,No,14,9,sat,4240.0,594.0
0,43,7,451,Female,1,Married,9985,No,16,10,unsat,8608.0,1377.0
0,24,9,812,Male,2,Divorced,2694,No,11,1,unsat,2427.0,267.0
1,19,2,243,Male,4,Single,1102,No,22,1,sat,903.0,199.0
0,54,5,522,Male,1,Married,19406,No,11,24,unsat,17483.0,1923.0
0,43,2,46,Female,3,Divorced,2645,No,12,6,sat,2362.0,283.0
0,34,3,1915,Female,4,Married,8103,Yes,12,9,sat,7235.0,868.0
0,46,1,244,Female,1,Divorced,10453,No,25,24,unsat,8362.0,2091.0
0,45,7,86,Male,1,Divorced,9724,No,17,25,unsat,8311.0,1413.0
0,29,3,1586,Male,1,Single,4723,Yes,18,10,unsat,4003.0,720.0
0,37,8,1794,Male,2,Divorced,4071,No,13,19,unsat,3603.0,468.0
0,36,1,1237,Female,1,Divorced,10252,Yes,21,17,unsat,8473.0,1779.0
0,40,2,763,Female,4,Single,2342,Yes,20,5,sat,1952.0,390.0
0,37,1,340,Female,1,Married,3920,No,14,17,unsat,3439.0,481.0
1,26,8,796,Male,1,Single,5326,No,17,6,unsat,4552.0,774.0
0,39,10,1800,Male,3,Single,13464,No,21,9,sat,11127.0,2337.0
0,29,28,1120,Female,4,Divorced,2514,No,22,11,sat,2061.0,453.0
0,54,20,450,Female,3,Single,4869,No,12,20,sat,4347.0,522.0
1,28,24,1604,Male,2,Married,2408,Yes,17,1,unsat,2058.0,350.0
0,28,1,1506,Male,3,Divorced,1563,No,14,1,sat,1371.0,192.0
1,36,13,1733,Male,1,Divorced,6134,Yes,13,16,unsat,5428.0,706.0
0,30,10,1816,Female,3,Single,9667,No,14,9,sat,8480.0,1187.0
1,47,27,785,Female,3,Single,6397,Yes,12,8,sat,5712.0,685.0
1,45,26,684,Female,1,Married,4286,No,14,5,unsat,3760.0,526.0
0,23,2,113,Male,1,Divorced,2322,No,13,3,unsat,2055.0,267.0
0,34,1,683,Male,4,Married,2691,No,12,10,sat,2403.0,288.0
0,25,18,1399,Male,3,Married,6232,No,11,6,sat,5614.0,618.0
0,40,2,352,Male,3,Divorced,19436,No,19,22,sat,16333.0,3103.0
0,28,10,1056,Male,2,Married,1052,No,22,1,unsat,862.0,190.0
1,27,17,1405,Female,3,Single,2394,Yes,13,8,sat,2119.0,275.0
0,59,3,1254,Female,4,Single,5171,No,17,13,sat,4420.0,751.0
0,44,4,1288,Male,1,Divorced,19190,No,14,26,unsat,16833.0,2357.0
0,44,1,1642,Male,4,Married,5743,Yes,11,14,sat,5174.0,569.0
0,29,10,766,Male,2,Divorced,2297,No,14,2,unsat,2015.0,282.0
0,31,20,947,Female,3,Married,6932,No,13,9,sat,6135.0,797.0
0,26,4,1275,Male,4,Single,2875,Yes,20,8,sat,2396.0,479.0
0,60,1,1697,Male,4,Divorced,10883,No,20,19,sat,9069.0,1814.0
0,50,24,1005,Male,3,Married,13973,Yes,18,22,sat,11842.0,2131.0
0,32,13,859,Male,4,Divorced,4403,No,11,8,sat,3967.0,436.0
0,29,1,710,Male,4,Divorced,2720,No,18,10,sat,2305.0,415.0
0,27,4,933,Female,3,Single,2318,No,19,1,sat,1948.0,370.0
0,28,1,1858,Male,4,Divorced,2706,No,15,3,sat,2353.0,353.0
0,22,1,872,Male,4,Married,4775,No,22,4,sat,3914.0,861.0
0,41,14,227,Male,3,Divorced,2451,No,12,13,sat,2188.0,263.0
0,53,2,981,Male,3,Divorced,14852,No,13,22,sat,13143.0,1709.0
0,48,7,1466,Male,1,Divorced,5486,No,11,15,unsat,4942.0,544.0
0,29,28,2054,Female,1,Single,3785,No,14,5,unsat,3320.0,465.0
0,43,2,1849,Male,4,Married,5675,No,20,7,sat,4729.0,946.0
0,43,10,430,Female,4,Single,2455,No,19,9,sat,2063.0,392.0
0,38,6,1997,Male,3,Married,5321,No,11,10,sat,4794.0,527.0
0,44,7,1608,Female,4,Divorced,19049,Yes,14,23,sat,16710.0,2339.0
1,58,23,165,Female,4,Married,10312,No,12,40,sat,9207.0,1105.0
0,41,2,625,Female,1,Married,16595,No,16,22,unsat,14306.0,2289.0
0,25,1,1303,Female,2,Single,2096,No,18,2,unsat,1776.0,320.0
0,38,1,1152,Male,3,Married,2844,No,13,7,sat,2517.0,327.0
0,46,2,1857,Male,4,Divorced,8578,No,14,12,sat,7525.0,1053.0
0,21,3,379,Male,3,Single,3230,No,17,3,sat,2761.0,469.0
0,48,10,1867,Male,2,Married,19665,No,12,29,unsat,17558.0,2107.0
0,38,23,393,Male,4,Divorced,5745,No,14,10,sat,5039.0,706.0
0,56,8,1338,Male,2,Single,19717,No,14,36,unsat,17296.0,2421.0
0,38,2,271,Male,3,Married,6553,No,14,14,sat,5748.0,805.0
0,30,6,1311,Female,4,Married,4627,No,12,10,sat,4131.0,496.0
0,31,5,2057,Male,1,Single,9936,No,19,10,unsat,8350.0,1586.0
0,34,2,256,Male,3,Married,9547,No,17,10,sat,8160.0,1387.0
0,56,9,1071,Female,3,Married,2942,No,19,18,sat,2472.0,470.0
0,42,24,605,Male,1,Married,7406,Yes,21,10,unsat,6121.0,1285.0
0,34,27,247,Female,2,Single,2311,No,15,9,unsat,2010.0,301.0
1,31,3,1537,Female,3,Single,4084,No,12,7,sat,3646.0,438.0
0,36,8,990,Male,4,Divorced,5079,No,13,12,sat,4495.0,584.0
0,46,13,1727,Male,2,Single,5562,No,14,19,unsat,4879.0,683.0
0,40,16,832,Male,3,Single,5094,No,14,10,sat,4468.0,626.0
0,54,19,698,Male,2,Married,10725,No,15,16,unsat,9326.0,1399.0
0,37,9,626,Male,2,Divorced,8834,No,13,9,unsat,7818.0,1016.0
0,37,10,1105,Female,4,Divorced,6694,Yes,14,8,sat,5872.0,822.0
0,35,16,586,Male,3,Married,7632,Yes,12,10,sat,6814.0,818.0
0,48,1,1116,Male,4,Single,16885,No,22,27,sat,13840.0,3045.0
0,49,4,1256,Male,3,Married,18711,No,13,23,sat,16558.0,2153.0
1,26,21,1107,Male,3,Divorced,2377,No,20,1,sat,1981.0,396.0
0,30,7,1428,Female,1,Divorced,4779,No,14,8,unsat,4192.0,587.0
1,28,2,828,Male,3,Single,4382,No,17,5,sat,3745.0,637.0
0,42,14,936,Female,3,Single,6244,No,17,10,sat,5337.0,907.0
1,20,4,960,Male,1,Single,2973,No,19,1,unsat,2498.0,475.0
0,34,8,757,Female,3,Single,6142,No,11,10,sat,5533.0,609.0
0,55,20,389,Male,4,Married,5415,Yes,19,12,sat,4550.0,865.0
0,47,2,820,Female,4,Married,16752,Yes,11,26,sat,15092.0,1660.0
0,34,28,2035,Female,3,Married,6712,No,21,8,sat,5547.0,1165.0
0,37,4,1394,Male,3,Married,2996,Yes,15,8,sat,2605.0,391.0
0,40,2,558,Female,3,Married,18041,No,14,21,sat,15825.0,2216.0
0,41,6,957,Male,1,Single,4721,Yes,13,20,unsat,4178.0,543.0
0,34,10,1597,Male,3,Married,5063,No,14,8,sat,4441.0,622.0
0,43,1,902,Female,4,Married,5562,No,13,12,sat,4922.0,640.0
0,36,12,1614,Female,3,Married,4663,Yes,12,7,sat,4163.0,500.0
0,28,9,377,Male,4,Married,2070,No,23,5,sat,1683.0,387.0
0,38,1,662,Female,1,Single,2619,No,17,8,unsat,2238.0,381.0
1,37,6,133,Male,1,Divorced,2073,Yes,22,7,unsat,1699.0,374.0
0,52,11,813,Female,3,Married,3149,No,20,9,sat,2624.0,525.0
0,46,7,1007,Male,3,Divorced,10845,No,13,13,sat,9597.0,1248.0
0,33,1,1994,Male,3,Divorced,2008,No,12,1,sat,1793.0,215.0
1,22,8,1783,Female,1,Married,2398,Yes,17,1,unsat,2050.0,348.0
0,23,10,1592,Male,3,Married,2073,No,16,4,sat,1787.0,286.0
0,27,15,1870,Female,1,Married,4774,No,19,8,unsat,4012.0,762.0
0,39,10,429,Male,1,Married,17068,Yes,14,21,unsat,14972.0,2096.0
0,30,2,1745,Female,1,Single,4968,No,16,10,unsat,4283.0,685.0
0,43,8,920,Female,2,Divorced,4765,No,21,4,unsat,3938.0,827.0
1,30,3,297,Female,1,Single,2657,Yes,11,8,unsat,2394.0,263.0
0,43,21,525,Male,4,Married,2258,No,20,8,sat,1882.0,376.0
0,42,2,351,Female,1,Divorced,2593,Yes,11,10,unsat,2336.0,257.0
0,50,20,1606,Male,3,Married,11245,Yes,15,32,sat,9778.0,1467.0
0,30,1,292,Male,3,Single,8474,No,22,12,sat,6946.0,1528.0
0,34,2,1755,Male,4,Married,2932,Yes,14,6,sat,2572.0,360.0
0,46,2,1789,Male,4,Divorced,19328,Yes,17,24,sat,16520.0,2808.0
0,30,4,121,Female,2,Divorced,5209,Yes,12,11,unsat,4651.0,558.0
0,34,10,1055,Female,3,Married,2220,Yes,19,1,sat,1866.0,354.0
0,46,4,1280,Female,2,Married,18789,No,14,26,unsat,16482.0,2307.0
0,36,2,1294,Female,2,Single,5410,Yes,11,18,unsat,4874.0,536.0
0,53,3,386,Male,3,Married,17584,Yes,16,21,sat,15159.0,2425.0
0,41,12,1158,Male,4,Married,4766,Yes,11,6,sat,4294.0,472.0
0,37,19,61,Male,2,Married,3022,No,21,8,unsat,2498.0,524.0
0,37,19,904,Male,2,Single,7642,Yes,13,10,unsat,6763.0,879.0
0,32,10,1853,Male,4,Single,4648,No,13,4,sat,4113.0,535.0
0,38,1,724,Female,4,Single,7625,No,13,10,sat,6748.0,877.0
0,31,10,1912,Female,4,Divorced,6583,Yes,11,8,sat,5931.0,652.0
0,53,8,897,Male,4,Married,11836,No,14,28,sat,10382.0,1454.0
0,50,4,385,Male,2,Divorced,19144,No,14,28,unsat,16793.0,2351.0
0,31,7,613,Male,4,Divorced,11557,No,21,10,sat,9551.0,2006.0
0,36,2,513,Male,3,Married,7596,No,13,10,sat,6722.0,874.0
0,45,8,452,Male,4,Married,3697,No,14,12,sat,3243.0,454.0
0,34,2,1281,Female,1,Single,4538,Yes,12,4,unsat,4052.0,486.0
0,32,7,359,Male,2,Married,2794,No,20,5,unsat,2328.0,466.0
0,48,29,473,Female,3,Married,12504,No,21,15,sat,10334.0,2170.0
0,44,23,132,Male,2,Married,2042,No,12,17,unsat,1823.0,219.0
0,37,10,518,Male,2,Single,4197,Yes,12,18,unsat,3747.0,450.0
1,50,1,1113,Male,3,Single,4728,Yes,14,5,sat,4147.0,581.0
0,39,24,2014,Male,4,Single,4108,No,13,18,sat,3635.0,473.0
0,46,1,1314,Female,1,Single,3423,No,12,10,unsat,3056.0,367.0
0,38,9,1940,Male,4,Divorced,4771,No,19,10,sat,4009.0,762.0
0,31,7,524,Female,1,Married,4306,No,12,13,unsat,3845.0,461.0
0,45,9,206,Male,2,Divorced,2348,No,18,20,unsat,1990.0,358.0
0,29,4,1762,Female,1,Divorced,2109,No,13,1,unsat,1866.0,243.0
0,42,2,1542,Male,2,Married,4841,No,14,4,unsat,4246.0,595.0
0,33,3,5,Female,3,Married,2909,Yes,11,8,sat,2621.0,288.0
0,47,2,1731,Male,2,Married,4978,No,11,4,unsat,4485.0,493.0
0,32,2,1671,Male,2,Divorced,5470,No,13,10,unsat,4841.0,629.0
1,53,2,1572,Female,4,Married,10169,No,16,34,sat,8766.0,1403.0
0,36,16,1436,Female,1,Married,5647,No,13,11,unsat,4997.0,650.0
0,40,8,1552,Male,4,Divorced,4069,Yes,18,8,sat,3448.0,621.0
0,41,10,731,Male,4,Divorced,19141,No,15,23,sat,16644.0,2497.0
0,36,26,1682,Male,3,Married,5347,No,14,10,sat,4690.0,657.0
0,33,1,998,Female,2,Married,5488,Yes,13,6,unsat,4857.0,631.0
0,34,11,1289,Male,2,Married,4490,No,11,14,unsat,4045.0,445.0
1,18,5,614,Male,2,Single,1878,Yes,14,0,unsat,1647.0,231.0
0,45,28,1719,Female,2,Single,16704,No,11,21,unsat,15049.0,1655.0
0,26,17,1718,Male,3,Married,2305,No,15,3,sat,2004.0,301.0
0,34,1,110,Male,2,Married,4325,No,15,5,unsat,3761.0,564.0
0,30,7,1609,Male,2,Married,2141,No,12,6,unsat,1912.0,229.0
0,45,24,1049,Male,2,Single,2177,No,16,6,unsat,1877.0,300.0
0,40,2,516,Female,2,Divorced,5715,No,12,8,unsat,5103.0,612.0
1,50,8,723,Male,3,Married,6796,Yes,14,18,sat,5961.0,835.0
0,36,23,2061,Male,4,Married,2571,No,17,17,sat,2197.0,374.0
0,37,2,656,Male,3,Married,9602,Yes,11,17,sat,8650.0,952.0
0,37,9,1787,Male,2,Married,4189,No,14,5,unsat,3675.0,514.0
0,56,6,532,Female,1,Married,13212,No,11,36,unsat,11903.0,1309.0
1,50,3,47,Male,3,Married,2683,Yes,14,3,sat,2354.0,329.0
1,31,18,1842,Male,1,Married,2956,No,17,2,unsat,2526.0,430.0
0,45,9,864,Male,1,Divorced,10761,Yes,12,18,unsat,9608.0,1153.0
0,30,22,567,Female,1,Married,8412,No,11,10,unsat,7578.0,834.0
0,46,2,1228,Male,4,Divorced,7379,No,11,12,sat,6648.0,731.0
0,23,1,1270,Male,3,Married,1223,No,22,1,sat,1002.0,221.0
1,32,1,1734,Male,2,Single,6735,No,15,10,unsat,5857.0,878.0
0,18,14,1839,Female,3,Single,1514,No,16,0,sat,1305.0,209.0
0,43,14,843,Male,1,Married,17159,No,24,22,unsat,13838.0,3321.0
0,36,27,13,Male,3,Married,5237,No,13,17,sat,4635.0,602.0
0,28,5,1469,Male,1,Single,8463,No,18,6,unsat,7172.0,1291.0
1,31,1,1459,Female,2,Single,7446,No,11,10,unsat,6708.0,738.0
0,35,23,75,Female,1,Married,4014,Yes,15,4,unsat,3490.0,524.0
1,36,3,967,Male,4,Married,10325,Yes,11,16,sat,9302.0,1023.0
0,30,17,1321,Female,1,Married,11916,Yes,23,9,unsat,9688.0,2228.0
1,42,12,1167,Male,1,Single,13758,Yes,12,22,unsat,12284.0,1474.0
0,49,2,1941,Male,4,Married,19161,No,15,28,sat,16662.0,2499.0
0,42,12,1768,Male,2,Divorced,2766,No,22,7,unsat,2267.0,499.0
0,45,2,264,Male,4,Married,16792,No,23,22,sat,13652.0,3140.0
0,18,5,1012,Male,4,Single,1051,No,15,0,sat,914.0,137.0
0,36,3,481,Male,4,Married,9699,No,11,16,sat,8738.0,961.0
0,34,14,666,Female,3,Divorced,2579,Yes,18,8,sat,2186.0,393.0
0,48,4,1644,Male,4,Married,15202,No,25,23,sat,12162.0,3040.0
0,44,5,1471,Male,3,Single,3162,No,14,7,sat,2774.0,388.0
0,38,2,1760,Female,2,Married,2468,No,14,9,unsat,2165.0,303.0
0,38,3,307,Male,3,Divorced,10609,No,12,17,sat,9472.0,1137.0
0,35,7,1492,Male,3,Married,2404,No,13,1,sat,2127.0,277.0
1,40,25,1318,Male,2,Single,9094,Yes,12,9,unsat,8120.0,974.0
0,48,1,1263,Male,4,Single,18265,No,12,25,sat,16308.0,1957.0
0,40,1,1822,Female,4,Divorced,6513,No,17,12,sat,5567.0,946.0
0,30,1,57,Female,4,Single,4011,No,23,12,sat,3261.0,750.0
0,47,2,903,Female,4,Married,4537,Yes,22,8,sat,3719.0,818.0
0,34,2,786,Male,4,Single,6274,No,22,6,sat,5143.0,1131.0
0,52,6,630,Male,1,Divorced,5577,Yes,12,18,unsat,4979.0,598.0
0,42,4,319,Male,4,Married,19232,No,11,22,sat,17326.0,1906.0
0,31,24,1252,Female,1,Single,6812,No,19,10,unsat,5724.0,1088.0
0,33,2,1207,Male,3,Married,3600,No,13,5,sat,3186.0,414.0
0,51,5,1352,Male,2,Divorced,14026,Yes,11,33,unsat,12636.0,1390.0
0,23,26,465,Male,4,Divorced,2904,No,12,4,sat,2593.0,311.0
0,42,2,1547,Male,4,Married,10124,Yes,14,24,sat,8881.0,1243.0
0,25,2,1653,Male,3,Divorced,5206,No,17,7,sat,4450.0,756.0
0,41,4,1815,Female,3,Divorced,10447,Yes,13,23,sat,9245.0,1202.0
0,34,3,1103,Male,4,Single,7756,No,17,7,sat,6629.0,1127.0
0,32,2,439,Female,4,Single,5055,No,16,10,sat,4358.0,697.0
0,38,4,1687,Female,3,Married,3306,No,19,7,sat,2778.0,528.0
0,40,1,119,Male,2,Married,13503,No,22,22,unsat,11068.0,2435.0
0,38,2,361,Male,4,Married,5249,No,18,13,sat,4448.0,801.0
0,31,7,462,Female,4,Single,7143,Yes,14,11,sat,6266.0,877.0
1,25,4,1106,Male,4,Married,3691,Yes,15,7,sat,3210.0,481.0
0,36,4,1435,Male,4,Single,5810,No,16,10,sat,5009.0,801.0
1,21,18,923,Female,4,Single,2693,No,19,1,sat,2263.0,430.0
0,36,2,958,Male,3,Single,2519,No,21,16,sat,2082.0,437.0
0,34,20,1265,Female,3,Married,2585,No,17,2,sat,2209.0,376.0
0,33,1,969,Female,4,Single,6949,No,14,6,sat,6096.0,853.0
0,35,21,942,Female,4,Married,4014,Yes,25,10,sat,3211.0,803.0
0,45,7,1195,Female,3,Married,4477,Yes,19,7,sat,3762.0,715.0
0,42,1,517,Female,1,Divorced,2576,No,16,8,unsat,2221.0,355.0
0,42,2,1334,Male,3,Married,17861,Yes,13,21,sat,15806.0,2055.0
1,30,8,1747,Female,4,Divorced,2180,No,11,6,sat,1964.0,216.0
0,26,11,390,Male,1,Married,4741,Yes,13,5,unsat,4196.0,545.0
1,31,15,1160,Male,3,Married,2610,No,12,2,sat,2330.0,280.0
1,46,10,1869,Female,2,Married,7314,No,21,14,unsat,6045.0,1269.0
0,36,3,1425,Female,2,Single,9278,Yes,16,15,unsat,7998.0,1280.0
0,60,28,573,Female,1,Married,10266,No,19,22,unsat,8627.0,1639.0
0,32,4,330,Female,2,Married,3931,No,11,6,unsat,3541.0,390.0
0,34,8,1823,Male,3,Married,6799,No,21,10,sat,5619.0,1180.0
1,29,8,454,Male,1,Married,2119,Yes,11,7,unsat,1909.0,210.0
0,44,28,1039,Female,4,Married,13320,Yes,18,23,sat,11288.0,2032.0
1,20,11,1016,Female,1,Single,2600,Yes,15,1,unsat,2261.0,339.0
0,34,2,1140,Male,3,Single,4033,No,11,5,sat,3633.0,400.0
0,43,2,1706,Male,4,Married,7847,Yes,17,10,sat,6707.0,1140.0
0,31,5,1749,Male,3,Married,8346,No,19,6,sat,7013.0,1333.0
0,56,1,1441,Female,1,Married,2066,No,22,5,unsat,1693.0,373.0
0,36,8,83,Female,3,Divorced,10096,No,13,17,sat,8935.0,1161.0
0,33,1,612,Female,3,Divorced,16184,No,19,10,sat,13600.0,2584.0
1,50,1,2044,Male,3,Divorced,6728,No,12,12,sat,6007.0,721.0
0,26,7,1417,Male,1,Single,3578,No,12,8,unsat,3195.0,383.0
0,55,8,84,Female,3,Divorced,14756,Yes,14,21,sat,12944.0,1812.0
0,27,2,1931,Male,2,Married,2226,No,11,6,unsat,2005.0,221.0
0,30,2,548,Female,4,Single,6091,No,20,11,sat,5076.0,1015.0
0,34,7,1577,Male,4,Single,2972,No,13,1,sat,2630.0,342.0
0,30,5,456,Female,3,Divorced,6118,No,13,10,sat,5414.0,704.0
0,27,2,1027,Female,4,Married,4227,No,18,4,sat,3582.0,645.0
0,33,22,160,Male,2,Married,6146,No,13,8,unsat,5439.0,707.0
0,45,7,425,Male,1,Divorced,5210,No,18,24,unsat,4415.0,795.0
1,52,8,433,Male,2,Married,4941,No,15,11,unsat,4297.0,644.0
1,51,4,1081,Male,3,Married,2461,Yes,12,18,sat,2197.0,264.0
0,39,9,1936,Male,1,Married,5151,No,25,10,unsat,4121.0,1030.0
0,30,2,117,Male,4,Married,4152,No,19,11,sat,3489.0,663.0
0,44,1,665,Female,3,Single,5985,No,11,10,sat,5392.0,593.0
0,38,10,983,Female,4,Single,5666,Yes,13,6,sat,5014.0,652.0
0,25,10,1240,Male,4,Single,4950,No,14,5,sat,4342.0,608.0
0,32,3,966,Female,1,Married,6725,No,12,8,unsat,6004.0,721.0
0,36,4,2025,Female,2,Divorced,5131,No,13,18,unsat,4541.0,590.0
0,29,2,1590,Male,4,Divorced,8853,No,19,6,sat,7439.0,1414.0
1,39,5,42,Male,4,Married,2086,No,14,19,sat,1830.0,256.0
1,45,2,1277,Female,2,Single,18824,Yes,16,26,unsat,16228.0,2596.0
0,35,4,53,Male,4,Divorced,1951,No,12,1,sat,1742.0,209.0
0,32,13,1234,Female,2,Married,2743,No,20,2,unsat,2286.0,457.0
0,39,2,909,Female,4,Married,5204,No,11,13,sat,4688.0,516.0
0,27,1,274,Male,1,Married,4298,No,19,6,unsat,3612.0,686.0
0,34,10,934,Male,2,Divorced,2008,No,14,1,unsat,1761.0,247.0
0,40,5,729,Male,1,Married,10475,Yes,21,20,unsat,8657.0,1818.0
0,39,1,332,Female,3,Divorced,2232,No,14,7,sat,1958.0,274.0
1,39,6,932,Male,1,Married,2404,Yes,21,8,unsat,1987.0,417.0
0,38,6,1782,Female,3,Married,3702,No,11,5,sat,3335.0,367.0
1,39,23,1310,Male,1,Single,3904,No,13,6,unsat,3455.0,449.0
1,34,9,1807,Male,1,Married,5346,No,17,11,unsat,4569.0,777.0
0,28,1,1927,Male,4,Married,6834,Yes,12,7,sat,6102.0,732.0
0,49,1,1677,Male,3,Single,15379,No,14,23,sat,13490.0,1889.0
0,58,1,422,Male,3,Divorced,5660,Yes,13,12,sat,5009.0,651.0
0,38,29,273,Male,4,Married,6261,No,18,9,sat,5306.0,955.0
0,31,8,1453,Male,4,Divorced,10793,No,18,13,sat,9147.0,1646.0
0,49,18,275,Male,4,Divorced,6804,Yes,15,7,sat,5917.0,887.0
0,53,6,769,Male,4,Single,2450,No,17,19,sat,2094.0,356.0
0,56,8,241,Female,1,Divorced,4257,Yes,18,19,unsat,3608.0,649.0
0,37,13,1543,Male,4,Married,4285,No,17,10,sat,3662.0,623.0
0,35,2,1182,Male,2,Divorced,10274,No,18,15,unsat,8707.0,1567.0
0,27,11,1364,Female,4,Married,2534,No,14,5,sat,2223.0,311.0
0,27,9,260,Female,2,Single,2279,No,16,7,unsat,1965.0,314.0
0,55,2,1873,Male,4,Married,2662,No,20,19,sat,2218.0,444.0
0,24,2,1646,Female,4,Single,3760,Yes,13,6,sat,3327.0,433.0
0,30,7,1482,Male,3,Divorced,1274,No,13,1,sat,1127.0,147.0
0,28,9,930,Female,3,Divorced,2377,No,18,6,sat,2014.0,363.0
0,39,22,1043,Female,1,Single,10880,Yes,13,21,unsat,9628.0,1252.0
0,40,1,1361,Male,2,Married,2387,No,22,7,unsat,1957.0,430.0
0,44,1,2020,Male,4,Single,2436,Yes,12,6,sat,2175.0,261.0
0,47,26,1625,Female,3,Married,19658,No,11,27,sat,17710.0,1948.0
0,49,11,1757,Female,4,Single,4507,No,12,8,sat,4024.0,483.0
0,42,2,470,Male,3,Divorced,2696,Yes,11,4,sat,2429.0,267.0
0,34,2,339,Male,1,Married,5957,No,13,13,unsat,5272.0,685.0
0,37,19,1631,Male,3,Married,5768,No,17,9,sat,4930.0,838.0
0,51,6,162,Male,3,Single,19537,No,13,23,sat,17289.0,2248.0
0,29,20,349,Male,4,Divorced,6931,No,14,10,sat,6080.0,851.0
0,50,8,738,Male,2,Married,3875,No,15,4,unsat,3370.0,505.0
0,23,4,705,Male,1,Married,2819,No,16,5,unsat,2430.0,389.0
1,33,25,1108,Male,2,Single,2313,Yes,20,5,unsat,1928.0,385.0
0,49,16,1674,Female,1,Divorced,2587,Yes,16,17,unsat,2230.0,357.0
0,35,1,620,Female,3,Single,4859,No,16,5,sat,4189.0,670.0
0,34,8,775,Female,1,Divorced,5121,No,14,7,unsat,4492.0,629.0
0,26,1,1068,Female,3,Divorced,2007,No,13,5,sat,1776.0,231.0
0,45,1,1712,Male,3,Married,10748,No,23,25,sat,8738.0,2010.0
0,45,2,606,Male,2,Married,4805,No,19,9,unsat,4038.0,767.0
0,37,9,403,Male,4,Married,2326,Yes,12,4,sat,2077.0,249.0
1,25,19,952,Male,2,Married,2413,Yes,18,1,unsat,2045.0,368.0
0,37,10,1640,Female,2,Married,3936,No,11,8,unsat,3546.0,390.0
0,35,18,975,Female,3,Married,4601,No,16,5,sat,3966.0,635.0
0,28,2,846,Female,2,Married,4779,Yes,20,8,unsat,3982.0,797.0
0,22,6,675,Male,3,Married,2773,No,20,3,sat,2311.0,462.0
0,45,25,1306,Female,2,Single,18061,No,22,22,unsat,14804.0,3257.0
0,56,11,1935,Female,1,Married,5380,No,16,6,unsat,4638.0,742.0
0,36,15,2036,Male,4,Divorced,5406,No,24,15,sat,4360.0,1046.0
0,35,2,771,Female,1,Divorced,5093,No,11,16,unsat,4588.0,505.0
0,26,7,1693,Male,4,Single,2570,No,20,7,sat,2142.0,428.0
0,48,2,595,Female,4,Married,4051,No,14,14,sat,3554.0,497.0
0,34,3,1779,Female,4,Single,6029,No,12,6,sat,5383.0,646.0
1,34,7,147,Male,3,Single,6074,Yes,24,9,sat,4898.0,1176.0
0,60,7,1233,Male,4,Divorced,5220,Yes,18,12,sat,4424.0,796.0
0,32,1,1574,Male,1,Married,4087,No,14,9,unsat,3585.0,502.0
0,31,10,1979,Female,3,Married,11031,No,20,13,sat,9192.0,1839.0
0,45,2,1635,Female,4,Divorced,5770,No,19,10,sat,4849.0,921.0
0,53,13,250,Female,1,Divorced,4450,No,11,5,unsat,4009.0,441.0
0,30,10,1179,Male,3,Married,6578,No,18,10,sat,5575.0,1003.0
0,29,3,564,Male,3,Married,11935,No,18,10,sat,10114.0,1821.0
0,39,7,444,Male,4,Married,19272,No,15,21,sat,16758.0,2514.0
0,57,24,223,Male,4,Divorced,9439,Yes,16,12,sat,8137.0,1302.0
0,51,21,120,Male,4,Single,5441,Yes,22,11,sat,4460.0,981.0
1,44,15,1295,Female,4,Married,7978,No,11,10,sat,7187.0,791.0
1,32,25,911,Male,4,Single,2795,Yes,24,1,sat,2254.0,541.0
0,20,9,1680,Male,1,Single,2728,No,11,2,unsat,2458.0,270.0
0,35,1,88,Male,1,Married,2194,No,13,5,unsat,1942.0,252.0
1,22,3,926,Female,3,Married,4171,Yes,19,4,sat,3505.0,666.0
0,26,2,1018,Male,4,Married,5472,No,12,8,sat,4886.0,586.0
1,35,4,1100,Male,1,Single,9582,Yes,22,9,unsat,7854.0,1728.0
0,38,3,193,Female,3,Single,4317,Yes,20,19,sat,3598.0,719.0
0,35,7,1962,Female,4,Married,5204,Yes,11,10,sat,4688.0,516.0
0,22,11,511,Female,2,Married,2244,No,13,2,unsat,1986.0,258.0
0,54,2,1070,Female,3,Married,10686,No,11,13,sat,9627.0,1059.0
0,59,25,81,Female,1,Single,7637,No,11,28,unsat,6880.0,757.0
1,31,2,1464,Male,4,Married,3722,Yes,13,7,sat,3294.0,428.0
0,32,7,420,Male,3,Married,5484,No,14,13,sat,4811.0,673.0
0,33,9,1238,Male,4,Married,2781,No,13,15,sat,2461.0,320.0
0,29,15,1202,Female,4,Married,2168,Yes,18,6,sat,1837.0,331.0
0,33,7,1477,Male,1,Married,4373,No,14,5,unsat,3836.0,537.0
0,36,6,1594,Male,1,Married,5562,Yes,13,9,unsat,4922.0,640.0
0,31,1,530,Male,1,Married,2218,No,12,4,unsat,1980.0,238.0
0,36,14,924,Male,4,Married,6586,Yes,17,17,sat,5629.0,957.0
0,37,11,1411,Female,3,Single,3629,No,18,8,sat,3075.0,554.0
1,58,2,977,Male,3,Single,2479,No,24,7,sat,1999.0,480.0
0,42,2,477,Male,4,Single,6781,No,23,14,sat,5513.0,1268.0
1,26,24,622,Male,4,Single,2340,Yes,18,1,sat,1983.0,357.0
1,32,9,190,Female,1,Single,4200,No,22,10,unsat,3443.0,757.0
0,29,10,1143,Female,2,Divorced,3291,No,14,8,unsat,2887.0,404.0
0,57,1,1483,Male,3,Married,4900,No,24,13,sat,3952.0,948.0
0,26,1,792,Female,4,Divorced,4364,No,14,5,sat,3828.0,536.0
0,32,8,436,Female,2,Married,5228,Yes,11,13,unsat,4710.0,518.0
0,35,1,600,Male,3,Married,4717,No,11,15,sat,4250.0,467.0
0,41,6,1708,Male,3,Single,9241,No,12,10,sat,8251.0,990.0
0,31,11,895,Male,4,Married,2356,Yes,19,8,sat,1980.0,376.0
1,37,10,342,Male,3,Divorced,10048,No,11,17,sat,9052.0,996.0
1,37,2,4,Male,3,Single,2090,Yes,15,7,sat,1817.0,273.0
0,25,2,1992,Male,3,Divorced,3977,Yes,19,7,sat,3342.0,635.0
1,41,2,927,Female,4,Divorced,2778,Yes,13,10,sat,2458.0,320.0
0,56,23,1373,Male,2,Married,13402,Yes,12,33,unsat,11966.0,1436.0
0,27,4,2064,Male,2,Married,6142,Yes,20,6,unsat,5118.0,1024.0
0,31,12,961,Female,4,Married,5855,Yes,11,10,sat,5275.0,580.0
0,59,3,309,Male,4,Married,2177,No,17,7,sat,1861.0,316.0
1,28,1,741,Female,2,Single,2216,Yes,13,10,unsat,1961.0,255.0
1,21,10,1279,Female,3,Single,2625,No,20,2,sat,2188.0,437.0
0,37,1,380,Female,4,Divorced,13603,Yes,18,15,sat,11528.0,2075.0
1,41,4,488,Male,2,Single,9355,No,18,8,unsat,7928.0,1427.0
0,35,7,1601,Male,4,Married,2690,No,18,1,sat,2280.0,410.0
0,43,2,1778,Male,4,Single,3539,No,13,10,sat,3132.0,407.0
0,26,1,476,Male,3,Married,5296,No,17,8,sat,4526.0,770.0
0,51,1,353,Male,4,Married,2723,No,11,1,sat,2453.0,270.0
1,21,1,478,Female,2,Single,2174,Yes,11,3,unsat,1959.0,215.0
0,27,8,1751,Female,4,Single,3445,No,11,6,sat,3104.0,341.0
0,30,2,571,Female,4,Single,2564,No,14,12,sat,2249.0,315.0
0,47,9,1856,Female,3,Single,2105,No,12,7,sat,1879.0,226.0
0,27,10,733,Male,1,Divorced,8793,No,21,9,unsat,7267.0,1526.0
1,28,13,1933,Female,3,Single,9854,Yes,11,6,sat,8877.0,977.0
0,50,1,323,Female,4,Divorced,19517,No,11,32,sat,17583.0,1934.0
0,18,10,411,Female,3,Single,1200,No,12,0,sat,1071.0,129.0
0,48,16,1557,Female,3,Divorced,6439,No,14,18,sat,5648.0,791.0
0,36,1,857,Male,4,Married,6201,Yes,14,18,sat,5439.0,762.0
0,34,1,1431,Male,1,Divorced,2996,No,14,10,unsat,2628.0,368.0
1,46,21,1821,Female,2,Married,8926,No,22,13,unsat,7316.0,1610.0
0,50,17,1656,Female,1,Divorced,13269,No,15,19,unsat,11538.0,1731.0
0,23,12,1982,Male,4,Single,2647,No,13,5,sat,2342.0,305.0
0,35,26,2040,Female,4,Single,8837,Yes,16,9,sat,7618.0,1219.0
0,25,26,781,Female,4,Single,6180,No,23,6,sat,5024.0,1156.0
0,38,10,2041,Female,4,Married,5343,No,11,10,sat,4814.0,529.0
0,36,7,949,Male,4,Single,4678,No,18,8,sat,3964.0,714.0
0,54,1,1245,Female,3,Divorced,10502,No,17,33,sat,8976.0,1526.0
0,34,1,1950,Male,4,Single,9888,No,21,14,sat,8172.0,1716.0
0,38,2,1125,Male,2,Single,7351,No,16,10,unsat,6337.0,1014.0
1,33,1,780,Male,4,Single,2686,Yes,13,10,sat,2377.0,309.0
0,35,9,880,Female,3,Married,10685,Yes,20,17,sat,8904.0,1781.0
0,31,6,653,Male,4,Divorced,5460,No,22,13,sat,4475.0,985.0
0,37,1,635,Female,2,Married,6447,No,12,8,unsat,5756.0,691.0
0,42,3,894,Female,4,Married,5231,Yes,13,17,sat,4629.0,602.0
0,50,10,491,Male,4,Single,10496,No,15,20,sat,9127.0,1369.0
1,50,28,2055,Male,1,Divorced,10854,Yes,13,20,unsat,9605.0,1249.0
0,26,6,164,Female,2,Married,2368,No,19,5,unsat,1990.0,378.0
0,44,24,744,Male,3,Single,3708,No,14,9,sat,3253.0,455.0
0,30,16,1729,Male,4,Married,2862,No,12,10,sat,2555.0,307.0
1,20,6,137,Female,4,Single,2926,Yes,18,1,sat,2480.0,446.0
0,30,9,184,Male,4,Married,6347,Yes,19,12,sat,5334.0,1013.0
0,35,2,269,Female,2,Single,4425,No,11,10,unsat,3986.0,439.0
0,40,7,1740,Male,2,Single,19833,No,14,21,unsat,17397.0,2436.0
1,43,17,1767,Male,3,Married,2437,Yes,16,6,sat,2101.0,336.0
0,42,17,347,Female,1,Single,6545,Yes,13,10,unsat,5792.0,753.0
0,40,20,1092,Male,4,Married,10322,No,20,14,sat,8602.0,1720.0
0,44,28,1523,Male,1,Married,16328,No,13,24,unsat,14450.0,1878.0
0,40,4,253,Female,3,Married,19033,No,14,21,sat,16696.0,2337.0
0,49,7,1484,Male,2,Divorced,10466,No,14,29,unsat,9181.0,1285.0
0,24,23,639,Male,4,Married,2725,Yes,11,6,sat,2455.0,270.0
0,45,4,240,Female,1,Divorced,5006,Yes,11,9,unsat,4510.0,496.0
0,43,27,1126,Female,1,Married,10820,No,11,18,unsat,9748.0,1072.0
0,42,2,875,Male,4,Single,2515,Yes,14,8,sat,2206.0,309.0
0,43,4,1293,Female,4,Single,10231,No,14,23,sat,8975.0,1256.0
0,34,19,1701,Female,4,Married,2929,No,12,10,sat,2615.0,314.0
0,29,1,1249,Female,4,Divorced,3760,No,15,3,sat,3270.0,490.0
1,25,9,1439,Male,1,Married,4400,No,12,6,unsat,3929.0,471.0
0,26,25,177,Female,3,Married,2942,No,23,8,sat,2392.0,550.0
0,45,2,783,Male,3,Single,6632,No,13,9,sat,5869.0,763.0
1,33,3,702,Male,1,Single,3348,Yes,11,10,unsat,3016.0,332.0
0,27,2,1648,Male,4,Single,2580,No,13,6,sat,2283.0,297.0
0,36,3,155,Female,4,Divorced,2835,No,22,7,sat,2324.0,511.0
0,41,2,616,Female,3,Single,6811,Yes,17,10,sat,5821.0,990.0
0,33,1,939,Male,1,Single,2799,Yes,11,6,unsat,2522.0,277.0
1,32,1,331,Male,3,Single,3730,Yes,14,4,sat,3272.0,458.0
0,45,9,1117,Female,3,Married,5593,No,13,15,sat,4950.0,643.0
1,21,7,1780,Male,2,Single,2679,No,13,1,unsat,2371.0,308.0
0,27,5,434,Female,2,Single,2478,Yes,12,4,unsat,2212.0,266.0
1,30,9,1876,Male,4,Single,1081,No,13,1,sat,957.0,124.0
0,45,26,1612,Male,1,Married,4385,No,15,10,unsat,3813.0,572.0
0,27,2,7,Male,2,Married,3468,No,12,6,unsat,3096.0,372.0
0,27,20,293,Female,3,Single,9981,No,14,7,sat,8755.0,1226.0
0,36,1,1662,Female,3,Married,4374,No,15,4,sat,3803.0,571.0
0,44,3,671,Male,4,Married,19513,Yes,12,26,sat,17422.0,2091.0
0,39,12,1654,Male,2,Married,5295,No,21,7,unsat,4376.0,919.0
0,29,3,690,Female,3,Married,5561,No,14,6,sat,4878.0,683.0
0,35,11,1137,Male,4,Divorced,4968,No,11,5,sat,4476.0,492.0
0,42,13,1803,Male,1,Married,5538,No,18,10,unsat,4693.0,845.0
0,29,2,388,Male,4,Single,4554,No,18,10,sat,3859.0,695.0
0,33,8,677,Male,3,Divorced,7104,No,12,6,sat,6343.0,761.0
0,49,1,887,Female,1,Married,3580,No,16,7,unsat,3086.0,494.0
0,32,10,722,Male,4,Single,5396,No,12,10,sat,4818.0,578.0
0,32,5,889,Male,2,Married,6524,No,14,10,unsat,5723.0,801.0
0,28,1,1315,Female,4,Married,6674,No,11,10,sat,6013.0,661.0
0,38,25,421,Female,2,Married,12061,No,17,19,unsat,10309.0,1752.0
0,45,20,2046,Female,3,Single,4850,No,15,8,sat,4217.0,633.0
0,33,10,446,Male,4,Single,4682,No,14,9,sat,4107.0,575.0
1,29,7,1299,Female,3,Divorced,3339,Yes,13,10,sat,2955.0,384.0
0,35,1,100,Male,1,Single,4312,No,14,16,unsat,3782.0,530.0
0,30,7,585,Male,2,Single,2983,No,14,4,unsat,2617.0,366.0
0,24,17,643,Male,2,Married,2127,No,21,1,unsat,1758.0,369.0
1,49,11,840,Female,4,Married,7654,No,18,9,sat,6486.0,1168.0
0,42,18,1998,Male,1,Divorced,5410,Yes,17,9,unsat,4624.0,786.0
0,31,7,941,Male,3,Married,2329,No,15,13,sat,2025.0,304.0
0,35,18,74,Male,1,Married,9069,No,22,9,unsat,7434.0,1635.0
0,55,1,1424,Male,4,Divorced,14732,No,13,31,sat,13037.0,1695.0
1,23,9,2023,Male,1,Married,1790,No,19,1,unsat,1504.0,286.0
1,23,8,1684,Male,3,Single,3989,Yes,11,5,sat,3594.0,395.0
0,36,18,1133,Male,4,Single,7779,No,20,18,sat,6482.0,1297.0
1,37,11,1033,Female,2,Married,4777,No,15,15,unsat,4154.0,623.0
0,44,1,1903,Male,1,Married,5033,No,15,10,unsat,4377.0,656.0
0,48,20,945,Male,3,Married,2259,No,17,13,sat,1931.0,328.0
0,26,28,641,Male,2,Married,6272,No,20,6,unsat,5227.0,1045.0
0,34,13,1951,Male,3,Divorced,8628,No,18,9,sat,7312.0,1316.0
0,31,8,98,Female,4,Single,4424,No,23,11,sat,3597.0,827.0
0,38,3,1036,Male,4,Single,6861,Yes,12,19,sat,6126.0,735.0
1,19,2,566,Male,4,Single,2564,No,12,1,sat,2289.0,275.0
0,42,9,1595,Male,4,Single,19613,No,22,24,sat,16076.0,3537.0
0,54,22,1665,Female,3,Married,17426,No,25,36,sat,13941.0,3485.0
0,22,8,1019,Male,1,Married,2451,No,15,4,unsat,2131.0,320.0
1,30,5,1017,Female,2,Single,2422,No,17,4,unsat,2070.0,352.0
0,23,20,1533,Male,3,Single,2272,No,14,5,sat,1993.0,279.0
0,34,3,1478,Male,1,Single,4759,No,18,15,unsat,4033.0,726.0
0,44,20,1475,Male,2,Single,3420,No,13,6,unsat,3027.0,393.0
1,34,23,590,Female,1,Divorced,9950,Yes,15,11,unsat,8652.0,1298.0
0,24,24,1173,Male,2,Single,3597,No,22,6,unsat,2948.0,649.0
0,34,5,153,Female,1,Single,11631,No,12,14,unsat,10385.0,1246.0
0,35,4,1350,Male,3,Single,4249,Yes,11,9,sat,3828.0,421.0
0,32,2,362,Male,1,Single,2176,No,13,9,unsat,1926.0,250.0
0,39,2,985,Male,3,Single,7880,No,18,9,sat,6678.0,1202.0
0,39,6,2062,Male,1,Married,9991,No,15,9,unsat,8688.0,1303.0
0,34,2,804,Female,1,Single,4381,No,11,6,unsat,3947.0,434.0
0,38,2,1805,Male,2,Divorced,2592,No,13,13,unsat,2294.0,298.0
0,59,6,321,Male,3,Married,2267,No,17,7,sat,1938.0,329.0
0,35,1,826,Female,3,Single,2506,No,13,7,sat,2218.0,288.0
0,30,23,159,Male,3,Divorced,2613,No,25,10,sat,2090.0,523.0
1,22,3,1203,Male,4,Married,2853,Yes,11,1,sat,2570.0,283.0
0,31,3,1948,Male,1,Divorced,3065,Yes,13,4,unsat,2712.0,353.0
0,35,10,1587,Female,3,Single,6142,Yes,16,10,sat,5295.0,847.0
1,19,21,959,Male,2,Single,2121,Yes,13,1,unsat,1877.0,244.0
0,41,10,1329,Male,2,Single,6151,No,13,19,unsat,5443.0,708.0
0,35,28,1596,Male,3,Married,3407,No,17,10,sat,2912.0,495.0
0,27,6,655,Female,3,Divorced,2187,No,12,6,sat,1953.0,234.0
0,26,1,1952,Male,1,Single,2867,No,13,8,unsat,2537.0,330.0
0,33,5,1395,Male,4,Married,9998,No,13,8,sat,8848.0,1150.0
0,24,10,1746,Male,4,Married,2145,No,14,3,sat,1882.0,263.0
1,26,20,1818,Female,2,Married,2148,Yes,11,6,unsat,1935.0,213.0
0,32,6,231,Male,3,Single,3038,No,20,8,sat,2532.0,506.0
0,29,19,1497,Male,3,Divorced,8620,No,14,10,sat,7561.0,1059.0
0,31,1,308,Male,3,Married,4345,No,12,6,sat,3879.0,466.0
0,27,5,844,Male,4,Divorced,12808,Yes,16,9,sat,11041.0,1767.0
0,32,5,1555,Female,2,Married,5878,No,12,12,unsat,5248.0,630.0
0,27,19,1619,Male,1,Divorced,4066,No,11,7,unsat,3663.0,403.0
0,29,9,1558,Male,3,Married,2451,No,18,5,sat,2077.0,374.0
0,29,2,469,Male,3,Married,4649,No,14,4,sat,4078.0,571.0
0,43,16,327,Female,4,Married,16064,Yes,22,22,sat,13167.0,2897.0
